Name,Club,Nationality,Wage,Age,Position,Overall
De Gea,Manchester United,Spain,€260K,27,GK,91
J. Oblak,Atlético Madrid,Slovenia,€94K,25,GK,90
M. ter Stegen,FC Barcelona,Germany,€240K,26,GK,89
T. Courtois,Real Madrid,Belgium,€240K,26,GK,89
M. Neuer,FC Bayern München,Germany,€130K,32,GK,89
H. Lloris,Tottenham Hotspur,France,€150K,31,GK,88
S. Handanovič,Inter,Slovenia,€110K,33,GK,88
G. Buffon,Paris Saint-Germain,Italy,€77K,40,GK,88
K. Navas,Real Madrid,Costa Rica,€195K,31,GK,87
Ederson,Manchester City,Brazil,€125K,24,GK,86
Alisson,Liverpool,Brazil,€115K,25,GK,85
W. Szczęsny,Juventus,Poland,€125K,28,GK,85
L. Hrádecký,Bayer 04 Leverkusen,Finland,€74K,28,GK,84
S. Ruffier,AS Saint-Étienne,France,€41K,31,GK,84
Sergio Asenjo,Villarreal CF,Spain,€42K,29,GK,84
K. Schmeichel,Leicester City,Denmark,€78K,31,GK,84
B. Leno,Arsenal,Germany,€115K,26,GK,84
A. Lopes,Olympique Lyonnais,Portugal,€72K,27,GK,84
M. Perin,Juventus,Italy,€105K,25,GK,84
R. Fährmann,FC Schalke 04,Germany,€38K,29,GK,83
Pepe Reina,Milan,Spain,€56K,35,GK,83
R. Jarstein,Hertha BSC,Norway,€33K,33,GK,83
S. Mandanda,Olympique de Marseille,France,€51K,33,GK,83
Y. Sommer,Borussia Mönchengladbach,Switzerland,€35K,29,GK,83
Rui Patrício,Wolverhampton Wanderers,Portugal,€74K,30,GK,83
Adán,Atlético Madrid,Spain,€55K,31,GK,83
D. Subašić,AS Monaco,Croatia,€70K,33,GK,83
O. Baumann,TSG 1899 Hoffenheim,Germany,€42K,28,GK,83
Neto,Valencia CF,Brazil,€41K,28,GK,83
T. Horn,1. FC Köln,Germany,€25K,25,GK,83
J. Pickford,Everton,England,€78K,24,GK,83
Kepa,Chelsea,Spain,€84K,23,GK,83
S. Sirigu,Torino,Italy,€45K,31,GK,82
Casillas,FC Porto,Spain,€10K,37,GK,82
P. Čech,Arsenal,Czech Republic,€60K,36,GK,82
A. Consigli,Sassuolo,Italy,€52K,31,GK,82
E. Viviano,Sporting CP,Italy,€15K,32,GK,82
R. Bürki,Borussia Dortmund,Switzerland,€50K,27,GK,82
K. Casteels,VfL Wolfsburg,Belgium,€46K,26,GK,82
J. Cillessen,FC Barcelona,Netherlands,€135K,29,GK,82
Pau López,Real Betis,Spain,€21K,23,GK,82
Raphaelito Anjos,Grêmio,Brazil,€32K,30,GK,82
G. Donnarumma,Milan,Italy,€23K,19,GK,82
J. Pavlenka,SV Werder Bremen,Czech Republic,€30K,26,GK,82
A. Areola,Paris Saint-Germain,France,€61K,25,GK,81
F. Muslera,Galatasaray SK,Uruguay,€52K,32,GK,81
L. Fabiański,West Ham United,Poland,€70K,33,GK,81
B. Lecomte,Montpellier HSC,France,€27K,27,GK,81
T. Strakosha,Lazio,Albania,€36K,23,GK,81
S. Ulreich,FC Bayern München,Germany,€61K,29,GK,80
S. Sorrentino,Chievo Verona,Italy,€10K,39,GK,80
Moyá,Real Sociedad,Spain,€26K,34,GK,80
A. Mirante,Roma,Italy,€51K,34,GK,80
Diego López,RCD Espanyol,Spain,€17K,36,GK,80
I. Akinfeev,PFC CSKA Moscow,Russia,€1K,32,GK,80
S. Romero,Manchester United,Argentina,€91K,31,GK,80
P. Gulácsi,RB Leipzig,Hungary,€45K,28,GK,80
Guaita,Crystal Palace,Spain,€48K,31,GK,80
N. Pope,Burnley,England,€48K,26,GK,80
K. Trapp,Eintracht Frankfurt,Germany,€61K,27,GK,80
J. Zoet,PSV,Netherlands,€16K,27,GK,80
J. Butland,Stoke City,England,€39K,25,GK,80
T. Vaclík,Sevilla FC,Czech Republic,€17K,29,GK,80
Pacheco,Deportivo Alavés,Spain,€23K,26,GK,80
F. Armani,River Plate,Argentina,€22K,31,GK,80
G. Rulli,Real Sociedad,Argentina,€26K,26,GK,80
A. Onana,Ajax,Cameroon,€14K,22,GK,80
A. Begović,Bournemouth,Bosnia Herzegovina,€52K,31,GK,79
Kiko Casilla,Real Madrid,Spain,€105K,31,GK,79
D. Ospina,Napoli,Colombia,€80K,29,GK,79
S. Mignolet,Liverpool,Belgium,€76K,30,GK,79
O. Karnezis,Napoli,Greece,€48K,32,GK,79
T. Heaton,Burnley,England,€45K,32,GK,79
J. Hart,Burnley,England,€45K,31,GK,79
R. Adler,1. FSV Mainz 05,Germany,€25K,33,GK,79
Fabricio,Fulham,Spain,€47K,30,GK,79
M. Campaña,Independiente,Uruguay,€21K,29,GK,79
R. Zieler,VfB Stuttgart,Germany,€32K,29,GK,79
M. Ryan,Brighton & Hove Albion,Australia,€41K,26,GK,79
C. Tătăruşanu,FC Nantes,Romania,€23K,32,GK,79
L. Karius,Beşiktaş JK,Germany,€71K,25,GK,79
Sergio Rico,Fulham,Spain,€13K,24,GK,79
Gabri Prestão,Internacional,Brazil,€24K,26,GK,79
M. Dmitrović,SD Eibar,Serbia,€21K,26,GK,79
A. Lunev,,Russia,€0,26,GK,79
M. Hitz,Borussia Dortmund,Switzerland,€41K,30,GK,79
Matheus,SC Braga,Brazil,€12K,25,GK,78
Guilherme,Lokomotiv Moscow,Russia,€1K,32,GK,78
Sergio,RC Celta,Spain,€19K,31,GK,78
C. Bravo,Manchester City,Chile,€50K,35,GK,78
B. Costil,FC Girondins de Bordeaux,France,€32K,30,GK,78
Cláudio Ramos,CD Tondela,Portugal,€6K,26,GK,78
B. Reynet,Toulouse Football Club,France,€24K,27,GK,78
A. Cragno,Cagliari,Italy,€21K,24,GK,78
A. Selikhov,Spartak Moscow,Russia,€1K,24,GK,78
M. Sportiello,Frosinone,Italy,€22K,26,GK,78
M. Dúbravka,Newcastle United,Slovakia,€39K,29,GK,78
David Soria,Getafe CF,Spain,€18K,25,GK,78
M. Díaz,Club Atlético Huracán,Argentina,€15K,32,GK,78
Tiago Volpi,Querétaro,Brazil,€10K,27,GK,78
A. Lafont,Fiorentina,France,€12K,19,GK,78
A. McCarthy,Southampton,England,€37K,28,GK,77
W. Benítez,OGC Nice,Argentina,€23K,25,GK,77
F. Marchetti,Genoa,Italy,€9K,35,GK,77
Jordi Masip,Real Valladolid CF,Spain,€17K,29,GK,77
Douglas,Vitória Guimarães,Brazil,€6K,35,GK,77
M. Vorm,Tottenham Hotspur,Netherlands,€56K,34,GK,77
J. Villar,,Paraguay,€0,41,GK,77
G. Ochoa,Standard de Liège,Mexico,€13K,32,GK,77
José Sá,Olympiacos CFP,Portugal,€1K,25,GK,77
Renan Ribeiro,Sporting CP,Brazil,€11K,28,GK,77
L. Chichizola,Getafe CF,Argentina,€19K,28,GK,77
D. Benaglio,AS Monaco,Switzerland,€44K,34,GK,77
A. Marchesín,Club América,Argentina,€43K,30,GK,77
Álex Remiro,Athletic Club de Bilbao,Spain,€15K,23,GK,77
Roberto,RCD Espanyol,Spain,€21K,32,GK,77
N. Guzmán,Tigres U.A.N.L.,Argentina,€38K,32,GK,77
A. Schwolow,SC Freiburg,Germany,€19K,26,GK,77
A. Pyatov,Shakhtar Donetsk,Ukraine,€1K,34,GK,77
Gomes,Watford,Brazil,€25K,37,GK,77
Y. Bounou,Girona FC,Morocco,€22K,27,GK,77
O. Kıvrak,Trabzonspor,Turkey,€24K,30,GK,77
R. Gurtner,Amiens SC,France,€15K,31,GK,77
V. Babacan,Medipol Başakşehir FK,Turkey,€21K,29,GK,77
R. Olsen,Roma,Sweden,€41K,28,GK,76
L. Unnerstall,VVV-Venlo,Germany,€12K,27,GK,76
Rubén Blanco,RC Celta,Spain,€14K,22,GK,76
F. Forster,Southampton,England,€33K,30,GK,76
Fred Aníbão,Atlético Paranaense,Brazil,€12K,26,GK,76
Nelsildo Reis,Botafogo,Brazil,€17K,30,GK,76
Jaume,Valencia CF,Spain,€23K,27,GK,76
A. Gomis,SPAL,Senegal,€9K,24,GK,76
L. Skorupski,Bologna,Poland,€23K,27,GK,76
M. Sels,RC Strasbourg Alsace,Belgium,€14K,26,GK,76
J. Orozco,Santos Laguna,Mexico,€16K,32,GK,76
A. Lunin,CD Leganés,Ukraine,€24K,19,GK,76
T. Kraft,Hertha BSC,Germany,€21K,29,GK,76
H. Tekin,Fenerbahçe SK,Turkey,€44K,29,GK,76
Andrés Fernández,Villarreal CF,Spain,€22K,31,GK,76
T. Koubek,Stade Rennais FC,Czech Republic,€21K,25,GK,76
Yoel,Real Valladolid CF,Spain,€18K,29,GK,76
M. Barbosa,Villarreal CF,Argentina,€22K,33,GK,76
W. Caballero,Chelsea,Argentina,€39K,36,GK,76
S. Padt,FC Groningen,Netherlands,€8K,28,GK,76
L. Kalinić,KAA Gent,Croatia,€17K,28,GK,76
Iván Cuéllar,CD Leganés,Spain,€21K,34,GK,76
M. Esser,Hannover 96,Germany,€24K,30,GK,76
O. Vlachodimos,SL Benfica,Greece,€7K,24,GK,76
D. Boyko,Dynamo Kyiv,Ukraine,€1K,30,GK,76
J. Lössl,Huddersfield Town,Denmark,€34K,29,GK,76
A. Bizzarri,Foggia,Argentina,€2K,40,GK,76
Diego Mariño,Real Sporting de Gijón,Spain,€9K,28,GK,76
J. Hopf,MKE Ankaragücü,Sweden,€17K,31,GK,76
J. Cuadrado,Once Caldas,Colombia,€3K,33,GK,76
S. Proto,Lazio,Belgium,€20K,35,GK,76
Beto,Göztepe SK,Portugal,€12K,36,GK,76
M. Bizot,AZ Alkmaar,Netherlands,€11K,27,GK,75
A. Blake,Philadelphia Union,Jamaica,€6K,27,GK,75
Miguel Silva,Vitória Guimarães,Portugal,€7K,23,GK,75
J. Hansen,FC Midtjylland,Denmark,€16K,33,GK,75
Cássio,Al Taawoun,Brazil,€10K,37,GK,75
M. Maignan,LOSC Lille,France,€18K,22,GK,75
R. Özcan,Bayer 04 Leverkusen,Austria,€36K,34,GK,75
Serantes,CD Leganés,Spain,€21K,28,GK,75
C. Toselli,CD Everton de Viña del Mar,Chile,€4K,30,GK,75
S. Johnstone,West Bromwich Albion,England,€23K,25,GK,75
Y. Mvogo,RB Leipzig,Switzerland,€25K,24,GK,75
Kaíquão Castro,Fluminense,Brazil,€20K,34,GK,75
Y. Cardinale,OGC Nice,France,€18K,24,GK,75
A. Martín Arias,Gimnasia y Esgrima La Plata,Argentina,€11K,25,GK,75
Ricardo,GD Chaves,Portugal,€5K,35,GK,75
G. Herrera,Club Atlético Talleres,Argentina,€12K,26,GK,75
K. Vermeer,Feyenoord,Netherlands,€10K,32,GK,75
B. Jones,Al Nassr,Australia,€17K,36,GK,75
J. Corona,Cruz Azul,Mexico,€12K,37,GK,75
A. McGregor,Rangers FC,Scotland,€22K,36,GK,75
A. Paschalakis,PAOK,Greece,€1K,28,GK,75
Oier,Levante UD,Spain,€17K,28,GK,75
F. Rønnow,Eintracht Frankfurt,Denmark,€21K,25,GK,75
M. Kozáčik,Viktoria Plzeň,Slovakia,€1K,34,GK,75
W. Hennessey,Crystal Palace,Wales,€34K,31,GK,75
A. Talavera,Deportivo Toluca,Mexico,€11K,35,GK,75
Simão Donatinho,Cruzeiro,Brazil,€20K,34,GK,75
E. Andrada,Boca Juniors,Argentina,€16K,27,GK,75
Z. Steffen,Columbus Crew SC,United States,€5K,23,GK,75
L. Sepe,Parma,Italy,€36K,27,GK,75
C. Kameni,Fenerbahçe SK,Cameroon,€39K,34,GK,75
Rafael,Cagliari,Brazil,€14K,36,GK,75
Y. Pelé,Olympique de Marseille,France,€19K,35,GK,75
P. Tschauner,Hannover 96,Germany,€22K,32,GK,75
L. Butelle,Angers SCO,France,€11K,35,GK,75
Iraizoz,Girona FC,Spain,€13K,37,GK,75
Joel Robles,Real Betis,Spain,€17K,28,GK,75
A. Meret,Napoli,Italy,€24K,21,GK,75
Marafona,SC Braga,Portugal,€10K,31,GK,75
C. Vargas,Deportivo Cali,Colombia,€5K,29,GK,75
N. Vikonis,Puebla FC,Uruguay,€7K,34,GK,75
Adrianiscito,Grêmio,Brazil,€18K,26,GK,74
J. Musso,Udinese,Argentina,€14K,24,GK,74
K. Johnsson,En Avant de Guingamp,Sweden,€16K,28,GK,74
J. Leca,Racing Club de Lens,France,€8K,32,GK,74
S. Bolat,Royal Antwerp FC,Turkey,€9K,29,GK,74
W. Hahn,SC Heerenveen,Netherlands,€7K,26,GK,74
S. Grytebust,Odense Boldklub,Norway,€10K,28,GK,74
Victorino Magela,Bahia,Brazil,€9K,30,GK,74
A. Rossi,Boca Juniors,Argentina,€12K,22,GK,74
Gabrìel,Perugia,Brazil,€3K,25,GK,74
F. Bardi,Frosinone,Italy,€11K,26,GK,74
R. Salin,Sporting CP,France,€9K,33,GK,74
Cho Hyun Woo,Daegu FC,Korea Republic,€5K,26,GK,74
H. Lindner,Grasshopper Club Zürich,Austria,€11K,27,GK,74
D. Heuer Fernandes,SV Darmstadt 98,Portugal,€13K,25,GK,74
L. Grant,Manchester United,England,€39K,35,GK,74
R. Cota,Club León,Mexico,€19K,30,GK,74
A. Rebrov,Spartak Moscow,Russia,€1K,34,GK,74
D. Padelli,Inter,Italy,€34K,32,GK,74
E. Room,PSV,Curacao,€11K,29,GK,74
V. Barkas,AEK Athens,Greece,€1K,24,GK,74
S. Kırıntılı,Atiker Konyaspor,Turkey,€12K,33,GK,74
A. Gianniotis,Olympiacos CFP,Greece,€1K,25,GK,74
T. Sippel,Borussia Mönchengladbach,Germany,€17K,30,GK,74
T. Didillon,RSC Anderlecht,France,€11K,22,GK,74
J. Rodríguez,Lobos BUAP,Mexico,€22K,25,GK,74
Da Costa,Bologna,Brazil,€20K,34,GK,74
T. Melia,Sporting Kansas City,United States,€6K,32,GK,74
R. Rey,PAOK,Argentina,€1K,27,GK,74
Eduardo,Vitesse,Portugal,€34K,35,GK,74
M. Andújar,Estudiantes de La Plata,Argentina,€11K,34,GK,74
Raúl Fernández,UD Las Palmas,Spain,€8K,30,GK,74
Alberto,Rayo Vallecano,Spain,€13K,33,GK,74
V. Demirel,Fenerbahçe SK,Turkey,€23K,36,GK,74
B. van Leer,NAC Breda,Netherlands,€11K,26,GK,74
Bruno Varela,SL Benfica,Portugal,€7K,23,GK,74
L. Robles,New York Red Bulls,United States,€6K,34,GK,74
S. Lung,Kayserispor,Romania,€11K,29,GK,74
A. Boruc,Bournemouth,Poland,€24K,38,GK,74
C. Gordon,Celtic,Scotland,€20K,35,GK,74
P. Gazzaniga,Tottenham Hotspur,Argentina,€46K,26,GK,74
S. Sosa,Monarcas Morelia,Uruguay,€8K,31,GK,74
Rafael,Sampdoria,Brazil,€23K,28,GK,74
M. Borjan,,Canada,€0,30,GK,73
Pierrino Faria,Santos,Brazil,€11K,30,GK,73
F. Monetti,Atlético Nacional,Argentina,€4K,29,GK,73
G. Banguera,Atlético Huila,Colombia,€2K,22,GK,73
M. Langerak,Nagoya Grampus,Australia,€6K,29,GK,73
N. Etheridge,Cardiff City,Philippines,€28K,28,GK,73
K. Lamprou,Ajax,Greece,€11K,26,GK,73
A. Luthe,FC Augsburg,Germany,€15K,31,GK,73
E. Mendy,Stade de Reims,Senegal,€12K,26,GK,73
L. Burián,Club Atlético Colón,Uruguay,€9K,34,GK,73
Bracali,Boavista FC,Brazil,€4K,37,GK,73
I. Arboleda,Club Atlético Banfield,Colombia,€8K,22,GK,73
Nivo Serpinho,Chapecoense,Brazil,€10K,34,GK,73
D. Vukovic,KRC Genk,Australia,€10K,33,GK,73
A. Domínguez,Vélez Sarsfield,Ecuador,€10K,31,GK,73
Edgar Badía,CF Reus Deportiu,Spain,€6K,26,GK,73
N. Penneteau,Sporting de Charleroi,France,€6K,37,GK,73
J. Herrera,Universidad de Chile,Chile,€5K,37,GK,73
Shin Hwa Yong,Suwon Samsung Bluewings,Korea Republic,€4K,35,GK,73
C. Rigamonti,Belgrano de Córdoba,Argentina,€10K,31,GK,73
M. Bettinelli,Fulham,England,€30K,26,GK,73
D. Randolph,Middlesbrough,Republic of Ireland,€31K,31,GK,73
D. Jensen,FC Utrecht,Denmark,€11K,26,GK,73
Caio Secco,CD Feirense,Brazil,€8K,27,GK,73
L. Pocrnjic,Club Atlético Aldosivi,Argentina,€5K,36,GK,73
A. Hansen,Rosenborg BK,Norway,€6K,28,GK,73
P. Nardi,KSV Cercle Brugge,France,€27K,24,GK,73
K. Westwood,Sheffield Wednesday,Republic of Ireland,€17K,33,GK,73
B. Guzan,Atlanta United,United States,€5K,33,GK,73
W. Faríñez,Millonarios FC,Venezuela,€2K,20,GK,73
Yan Junling,Shanghai SIPG FC,China PR,€10K,27,GK,73
Riesgo,SD Eibar,Spain,€13K,34,GK,73
J. Drobný,SV Werder Bremen,Czech Republic,€10K,38,GK,73
C. Álvarez,Real Zaragoza,Argentina,€7K,32,GK,73
G. Arias,Racing Club,Chile,€12K,30,GK,73
H. Van Crombrugge,KAS Eupen,Belgium,€8K,25,GK,73
Jaim Abra,América FC (Minas Gerais),Brazil,€10K,26,GK,73
R. Gikiewicz,1. FC Union Berlin,Poland,€19K,30,GK,73
Cifuentes,Cádiz CF,Spain,€4K,39,GK,73
K. Darlow,Newcastle United,England,€26K,27,GK,73
S. Kapino,SV Werder Bremen,Greece,€13K,24,GK,73
E. Audero,Sampdoria,Italy,€30K,21,GK,73
M. Dituro,Universidad Católica,Argentina,€7K,31,GK,73
M. Rensing,Fortuna Düsseldorf,Germany,€17K,34,GK,73
Freder Cabral,Atlético Mineiro,Brazil,€20K,26,GK,73
B. Hamid,DC United,United States,€14K,27,GK,73
S. Carson,Derby County,England,€25K,32,GK,73
J. Lewis,Aberdeen,England,€6K,30,GK,73
D. Ward,Leicester City,Wales,€32K,25,GK,73
C. Mathenia,1. FC Nürnberg,Germany,€15K,26,GK,73
N. Navarro,San Lorenzo de Almagro,Argentina,€12K,33,GK,73
D. Roef,Waasland-Beveren,Belgium,€10K,24,GK,73
A. Smithies,Cardiff City,England,€28K,28,GK,73
T. Krul,Norwich City,Netherlands,€17K,30,GK,73
M. Stekelenburg,Everton,Netherlands,€30K,35,GK,73
M. Banguera,,Ecuador,€0,32,GK,73
S. Bertoli,Patronato,Argentina,€6K,40,GK,73
Fabiano,FC Porto,Brazil,€8K,30,GK,73
J. Pollersbeck,Hamburger SV,Germany,€7K,23,GK,72
M. Günok,Medipol Başakşehir FK,Turkey,€14K,29,GK,72
A. Hruška,Viktoria Plzeň,Czech Republic,€1K,32,GK,72
L. Castellanos,Independiente Santa Fe,Colombia,€3K,34,GK,72
G. Sara,Club Atlético Lanús,Argentina,€10K,30,GK,72
D. Dibusz,,Hungary,€0,27,GK,72
P. Gallese,Tiburones Rojos de Veracruz,Peru,€5K,28,GK,72
A. Silbeira,,Paraguay,€0,22,GK,72
W. Foderingham,Rangers FC,England,€26K,27,GK,72
C. Pinsoglio,Juventus,Italy,€44K,28,GK,72
P. Bernardoni,Nîmes Olympique,France,€13K,21,GK,72
J. Rinne,Aalborg BK,Sweden,€8K,25,GK,72
René,UD Almería,Spain,€5K,34,GK,72
T. Zengin,Beşiktaş JK,Turkey,€23K,34,GK,72
Raúl Lizoain,AD Alcorcón,Spain,€6K,27,GK,72
R. Elliot,Newcastle United,Republic of Ireland,€23K,32,GK,72
A. Al Habsi,Al Hilal,Oman,€12K,36,GK,72
Dani Giménez,Deportivo de La Coruña,Spain,€6K,34,GK,72
G. Lajud,Club Tijuana,Mexico,€10K,24,GK,72
Unai Simón,Athletic Club de Bilbao,Spain,€8K,21,GK,72
Kwoun Sun Tae,Kashima Antlers,Korea Republic,€7K,33,GK,72
S. Ortega,DSC Arminia Bielefeld,Germany,€8K,25,GK,72
B. Białkowski,Ipswich Town,Poland,€6K,30,GK,72
J. Wiland,Hammarby IF,Sweden,€3K,37,GK,72
T. Kaminski,KV Kortrijk,Belgium,€8K,25,GK,72
J. Carrizo,Monterrey,Argentina,€22K,34,GK,72
A. Federici,Stoke City,Australia,€22K,33,GK,72
R. Green,Chelsea,England,€28K,38,GK,72
M. Higashiguchi,Gamba Osaka,Japan,€7K,32,GK,72
S. Viera,Junior FC,Uruguay,€2K,35,GK,72
K. Nordfeldt,Swansea City,Sweden,€16K,29,GK,72
S. Scuffet,Udinese,Italy,€11K,22,GK,72
M. Goicoechea,Toulouse Football Club,Uruguay,€15K,30,GK,72
V. Belec,Sampdoria,Slovenia,€18K,28,GK,72
D. Livaković,Dinamo Zagreb,Croatia,€1K,22,GK,72
T. Howard,Colorado Rapids,United States,€3K,39,GK,72
A. Cordaz,Crotone,Italy,€2K,35,GK,72
E. Mulder,Swansea City,Netherlands,€16K,29,GK,72
A. Malarz,Legia Warszawa,Poland,€4K,38,GK,72
J. Ruddy,Wolverhampton Wanderers,England,€31K,31,GK,72
S. Ujkani,Çaykur Rizespor,Kosovo,€9K,29,GK,72
M. Flekken,SC Freiburg,Netherlands,€12K,25,GK,72
C. Puggioni,Benevento,Italy,€2K,37,GK,72
Aitor,Levante UD,Spain,€12K,27,GK,72
J. Bijlow,Feyenoord,Netherlands,€5K,20,GK,72
A. Walke,FC Red Bull Salzburg,Germany,€12K,35,GK,72
E. Unsain,Defensa y Justicia,Argentina,€6K,23,GK,72
E. Lamanna,Spezia,Italy,€3K,28,GK,72
Zeng Cheng,Guangzhou Evergrande Taobao FC,China PR,€10K,31,GK,72
E. Martínez,Arsenal,Argentina,€40K,25,GK,72
D. Henderson,Sheffield United,England,€31K,21,GK,72
R. Wolf,Fortuna Düsseldorf,Germany,€15K,30,GK,72
A. Abedzadeh,Clube Sport Marítimo,Iran,€6K,25,GK,72
S. Frei,Seattle Sounders FC,United States,€5K,32,GK,72
L. Ardente,San Martín de San Juan,Argentina,€5K,36,GK,72
Su Boyang,Guizhou Hengfeng FC,China PR,€9K,29,GK,72
E. Jakupović,Leicester City,Switzerland,€30K,33,GK,72
Munir,Málaga CF,Morocco,€6K,29,GK,72
O. Nyland,Aston Villa,Norway,€11K,27,GK,72
K. Letica,Club Brugge KV,Croatia,€8K,21,GK,72
R. Strebinger,SK Rapid Wien,Austria,€10K,25,GK,72
S. Dioudis,Panathinaikos FC,Greece,€1K,25,GK,72
Daniel Guimarães,CD Nacional,Brazil,€7K,31,GK,72
F. Boeckx,RSC Anderlecht,Belgium,€10K,31,GK,71
Wiliam Santinho,Fluminense,Brazil,€13K,34,GK,71
B. Drągowski,Fiorentina,Poland,€15K,20,GK,71
D. Bentley,Brentford,England,€16K,24,GK,71
J. Prior,FC Girondins de Bordeaux,France,€15K,22,GK,71
Nauzet,UD Las Palmas,Spain,€6K,33,GK,71
T. Kessler,1. FC Köln,Germany,€10K,32,GK,71
André Milazisco,Atlético Paranaense,Brazil,€7K,34,GK,71
B. Kamara,RC Strasbourg Alsace,France,€6K,21,GK,71
André Moreira,Aston Villa,Portugal,€17K,22,GK,71
A. Brignoli,Palermo,Italy,€2K,26,GK,71
E. Zelazny,Stade Malherbe Caen,France,€11K,26,GK,71
S. Bossut,SV Zulte-Waregem,Belgium,€8K,32,GK,71
O. Jiménez,Club América,Mexico,€27K,29,GK,71
Juan Carlos,CD Lugo,Spain,€5K,30,GK,71
F. Nita,Sparta Praha,Romania,€1K,30,GK,71
L. Acosta,Belgrano de Córdoba,Argentina,€6K,23,GK,71
Eduardo Fonseira,Botafogo,Brazil,€11K,30,GK,71
D. Marshall,Hull City,Scotland,€13K,33,GK,71
Kang Hyeon Mu,Pohang Steelers,Korea Republic,€4K,23,GK,71
Dani Hernández,CD Tenerife,Venezuela,€5K,32,GK,71
J. Siebenhandl,SK Sturm Graz,Austria,€11K,28,GK,71
O. Pérez,Pachuca,Mexico,€8K,45,GK,71
M. Männel,FC Erzgebirge Aue,Germany,€4K,30,GK,71
S. Colombi,Carpi,Italy,€2K,27,GK,71
Marco Rocha,Santa Clara,Portugal,€3K,31,GK,71
Nathael Silbeira,Cruzeiro,Brazil,€13K,34,GK,71
P. Terracciano,Empoli,Italy,€8K,28,GK,71
E. Conde,,Uruguay,€0,35,GK,71
N. Champagne,Real Oviedo,Argentina,€6K,33,GK,71
M. Al Owais,Al Ahli,Saudi Arabia,€17K,26,GK,71
Joel Pereira,Vitória de Setúbal,Portugal,€35K,22,GK,71
N. Rimando,Real Salt Lake,United States,€3K,39,GK,71
R. Köse,Kasimpaşa SK,Turkey,€7K,30,GK,71
I. Provedel,Empoli,Italy,€6K,24,GK,71
S. Dimitrievski,Rayo Vallecano,FYR Macedonia,€4K,24,GK,71
J. McLaughlin,Sunderland,Scotland,€8K,29,GK,71
Charles,Clube Sport Marítimo,Brazil,€4K,24,GK,71
P. Glykos,PAOK,Greece,€1K,31,GK,71
P. Gollini,Atalanta,Italy,€10K,23,GK,71
Tiago Sá,SC Braga,Portugal,€6K,23,GK,71
S. Nishikawa,Urawa Red Diamonds,Japan,€6K,32,GK,71
B. Cortés,Colo-Colo,Chile,€4K,23,GK,71
P. Kieszek,Málaga CF,Poland,€5K,34,GK,71
G. Lux,River Plate,Argentina,€7K,36,GK,71
G. Pegolo,Sassuolo,Italy,€14K,37,GK,71
Léo Jardim,Rio Ave FC,Brazil,€4K,23,GK,71
F. Wiedwald,Eintracht Frankfurt,Germany,€16K,28,GK,71
N. Fernández,Unión de Santa Fe,Argentina,€4K,39,GK,71
Jung Sung Ryong,Kawasaki Frontale,Korea Republic,€5K,33,GK,71
R. Riou,Sporting de Charleroi,France,€7K,30,GK,71
A. Gunn,Southampton,England,€17K,22,GK,71
Sergio Herrera,CA Osasuna,Spain,€5K,25,GK,71
Sivera,Deportivo Alavés,Spain,€7K,21,GK,71
S. Burchert,SpVgg Greuther Fürth,Germany,€6K,28,GK,71
J. Omlin,FC Basel 1893,Switzerland,€10K,24,GK,71
E. Kawashima,RC Strasbourg Alsace,Japan,€6K,35,GK,71
Adriano Facchini,Al Batin,Brazil,€5K,35,GK,71
M. Fraga,U.N.A.M.,Mexico,€10K,30,GK,71
C. Lucchetti,Atlético Tucumán,Argentina,€4K,40,GK,71
A. Oukidja,FC Metz,Algeria,€4K,29,GK,71
K. Müller,1. FC Heidenheim 1846,Germany,€7K,27,GK,71
S. Torrico,San Lorenzo de Almagro,Argentina,€6K,38,GK,71
K. Nakamura,Kashiwa Reysol,Japan,€5K,23,GK,71
A. Diallo,Stade Rennais FC,Senegal,€14K,26,GK,71
H. González,Club Necaxa,Mexico,€20K,27,GK,71
J. Dahlin,Malmö FF,Sweden,€4K,31,GK,71
C. Pantilimon,Nottingham Forest,Romania,€22K,31,GK,71
V. Fiorillo,Pescara,Italy,€3K,28,GK,71
V. Milinković-Savić,SPAL,Serbia,€12K,21,GK,71
António Filipe,GD Chaves,Portugal,€5K,33,GK,71
M. Hassen,OGC Nice,Tunisia,€12K,23,GK,71
R. Rúnarsson,Dijon FCO,Iceland,€6K,23,GK,71
E. Horvath,Club Brugge KV,United States,€9K,23,GK,71
D. von Ballmoos,BSC Young Boys,Switzerland,€8K,23,GK,70
C. Acevedo,Santos Laguna,Mexico,€7K,22,GK,70
A. Werner,SD Huesca,Argentina,€15K,22,GK,70
A. Rudko,Dynamo Kyiv,Ukraine,€1K,26,GK,70
K. Kronholm,Holstein Kiel,United States,€6K,32,GK,70
W. Dutoit,KV Oostende,France,€7K,29,GK,70
A. Letellier,ESTAC Troyes,France,€9K,27,GK,70
J. García,Racing Club,Argentina,€8K,31,GK,70
A. Orión,Colo-Colo,Argentina,€2K,37,GK,70
M. Yıldırım,Kayserispor,Turkey,€6K,27,GK,70
Dani Jiménez,AD Alcorcón,Spain,€5K,28,GK,70
A. Batalla,Club Atlético Tigre,Argentina,€8K,22,GK,70
E. Bologna,River Plate,Argentina,€6K,36,GK,70
T. Carson,Motherwell,Northern Ireland,€4K,30,GK,70
C. Maxwell,Preston North End,Wales,€7K,27,GK,70
E. Bush,Montreal Impact,United States,€4K,32,GK,70
L. Mazzoni,Livorno,Italy,€2K,34,GK,70
F. Giefer,FC Augsburg,Germany,€10K,28,GK,70
O. Linnér,AIK,Sweden,€3K,21,GK,70
D. Petrić,En Avant de Guingamp,Serbia,€9K,30,GK,70
A. Micai,US Salernitana 1919,Italy,€2K,24,GK,70
B. Khuzwayo,Orlando Pirates,South Africa,€1K,28,GK,70
F. Ondoa,KV Oostende,Cameroon,€6K,22,GK,70
J. Silbeira,,Paraguay,€0,22,GK,70
C. Walton,Wigan Athletic,England,€15K,22,GK,70
David Raya,Blackburn Rovers,Spain,€14K,22,GK,70
R. Gudiño,Guadalajara,Mexico,€12K,22,GK,70
D. Rudd,Preston North End,England,€7K,27,GK,70
M. Müller,RB Leipzig,Germany,€15K,24,GK,70
Yang Han Been,FC Seoul,Korea Republic,€4K,26,GK,70
O. Shevchenko,Shakhtar Donetsk,Ukraine,€1K,26,GK,70
R. Boffin,Antalyaspor,Belgium,€8K,30,GK,70
C. Coosemans,KAA Gent,Belgium,€8K,25,GK,70
F. Pellegrino,Club Atlético Huracán,Argentina,€6K,32,GK,70
Alfonso Herrero,Real Oviedo,Spain,€4K,24,GK,70
J. Gillet,Standard de Liège,Belgium,€4K,39,GK,70
P. Šteinbors,Arka Gdynia,Latvia,€3K,32,GK,70
D. Ousted,DC United,Denmark,€4K,33,GK,70
K. Stuhr-Ellegaard,IF Elfsborg,Denmark,€2K,35,GK,70
G. Makaridze,Rio Ave FC,Georgia,€5K,28,GK,70
M. Michel,AJ Auxerre,France,€4K,26,GK,70
M. Kelemen,Jagiellonia Białystok,Slovakia,€3K,38,GK,70
Jairo Farnias,Internacional,Brazil,€11K,30,GK,70
P. Pentke, SSV Jahn Regensburg,Germany,€5K,33,GK,70
Victor Fachinhas,Ceará Sporting Club,Brazil,€9K,34,GK,70
D. Keet,,South Africa,€0,28,GK,70
J. Busk,1. FC Union Berlin,Denmark,€10K,24,GK,70
R. Himmelmann,FC St. Pauli,Germany,€8K,29,GK,70
J. Archer,Millwall,Scotland,€6K,25,GK,70
B. Leroy,AC Ajaccio,France,€4K,29,GK,70
A. Seculin,Chievo Verona,Italy,€7K,27,GK,70
A. Saldívar,U.N.A.M.,Mexico,€9K,28,GK,70
V. Mannone,Reading,Italy,€14K,30,GK,70
S. Johnson,New York City FC,United States,€4K,29,GK,70
N. Ibáñez,Newell's Old Boys,Argentina,€5K,36,GK,70
A. Aguerre,Newell's Old Boys,Argentina,€8K,27,GK,70
N. Leali,Perugia,Italy,€2K,25,GK,70
Ricardo Ferreira,Portimonense SC,Portugal,€5K,28,GK,70
L. García,Deportivo Toluca,Mexico,€9K,25,GK,70
A. Isaksson,Djurgårdens IF,Sweden,€2K,36,GK,70
D. Kuciak,Lechia Gdańsk,Slovakia,€4K,33,GK,70
B. Myhill,West Bromwich Albion,Wales,€9K,35,GK,70
M. Schuhen,SV Sandhausen,Germany,€3K,25,GK,70
K. Steppe,Sint-Truidense VV,Belgium,€6K,29,GK,70
F. De Paul,Universidad de Chile,Chile,€5K,27,GK,70
J. Carrasso,Stade de Reims,France,€7K,30,GK,69
Helton Leite,Boavista FC,Brazil,€3K,27,GK,69
D. Stockdale,Birmingham City,England,€10K,32,GK,69
A. Blanco,Pachuca,Mexico,€10K,30,GK,69
A. Mitryushkin,FC Sion,Russia,€9K,22,GK,69
Bruno Brígido,CD Feirense,Brazil,€5K,27,GK,69
P. Garcés,CD Antofagasta,Chile,€2K,33,GK,69
P. Abrahamsson,BK Häcken,Sweden,€2K,29,GK,69
A. Kwarasey,Vålerenga Fotball,Ghana,€2K,30,GK,69
S. Rochet,Sivasspor,Uruguay,€5K,25,GK,69
J. Fejzić,1. FC Magdeburg,Bosnia Herzegovina,€6K,32,GK,69
Ailton Cardenhas,Santos,Brazil,€7K,30,GK,69
S. Allagbé,Chamois Niortais Football Club,Benin,€2K,24,GK,69
Nicolas,Udinese,Brazil,€2K,30,GK,69
D. Perquis,Valenciennes FC,France,€3K,32,GK,69
M. Salvi,FC Luzern,Switzerland,€5K,24,GK,69
Z. Boucher,Angers SCO,France,€3K,26,GK,69
D. Sánchez,Unión Española,Chile,€2K,31,GK,69
M. Riemann,VfL Bochum 1848,Germany,€7K,29,GK,69
Kaíque Mutto,Atlético Mineiro,Brazil,€11K,26,GK,69
D. Melo,CD Palestino,Chile,€2K,24,GK,69
Adrián Ortolá,Deportivo de La Coruña,Spain,€31K,24,GK,69
S. Ekramy,,Egypt,€0,34,GK,69
R. Zapata,Independiente Santa Fe,Colombia,€1K,39,GK,69
M. Hansen,FC Basel 1893,Denmark,€10K,28,GK,69
Kim Jin Hyeon,Cerezo Osaka,Korea Republic,€3K,30,GK,69
P. Tsintotas,AEK Athens,Greece,€1K,24,GK,69
N. Mäenpää,Bristol City,Finland,€14K,33,GK,69
W. Sandilands,Orlando Pirates,South Africa,€1K,34,GK,69
H. Jurjus,De Graafschap,Netherlands,€5K,24,GK,69
R. Zentner,1. FSV Mainz 05,Germany,€8K,23,GK,69
M. Samassa,ESTAC Troyes,Mali,€4K,28,GK,69
O. Kolář,SK Slavia Praha,Czech Republic,€1K,23,GK,69
Ratón,Real Zaragoza,Spain,€4K,25,GK,69
A. Kovácsik,,Hungary,€0,27,GK,69
M. Kolke,SV Wehen Wiesbaden,Germany,€3K,27,GK,69
Isaac Becerra,Gimnàstic de Tarragona,Spain,€4K,30,GK,69
Jhonatan,Moreirense FC,Brazil,€3K,27,GK,69
Wang Dalei,Shandong Luneng TaiShan FC,China PR,€7K,29,GK,69
Tomeu Nadal,Albacete BP,Spain,€4K,29,GK,69
S. Rossbach,Odds BK,Norway,€2K,22,GK,69
M. Dupé,FC Nantes,France,€8K,25,GK,69
J. Joronen,FC København,Finland,€7K,25,GK,69
A. Vural,Sivasspor,Turkey,€5K,27,GK,69
B. Shuttleworth,Minnesota United FC,United States,€3K,31,GK,69
J. Grahl,VfB Stuttgart,Germany,€12K,29,GK,69
T. Kirschbaum,Bayer 04 Leverkusen,Germany,€17K,31,GK,69
F. Öztürk,Akhisar Belediyespor,Turkey,€6K,31,GK,69
Rui Silva,Granada CF,Portugal,€3K,24,GK,69
A. Montero,Deportes Tolima,Colombia,€1K,23,GK,69
R. Romo,,Venezuela,€0,28,GK,69
B. Radunović,US Cremonese,Serbia,€7K,22,GK,69
R. Pasveer,Vitesse,Netherlands,€5K,34,GK,69
J. Blaswich,Heracles Almelo,Germany,€3K,27,GK,69
L. Choutesiotis,Olympiacos CFP,Greece,€1K,23,GK,69
T. Hayashi,Sanfrecce Hiroshima,Japan,€3K,35,GK,69
C. Bonilla,Al Fayha,Colombia,€7K,25,GK,69
A. Linde,Molde FK,Sweden,€3K,24,GK,69
M. Turner,New England Revolution,United States,€3K,24,GK,69
H. Halldórsson,,Iceland,€0,34,GK,69
D. Verhulst,Sporting Lokeren,Belgium,€5K,30,GK,69
B. Sangaré,,Ivory Coast,€0,32,GK,69
M. Silvestri,Hellas Verona,Italy,€2K,27,GK,69
I. Pettersson,IFK Norrköping,Sweden,€2K,21,GK,69
A. Rosati,Torino,Italy,€9K,35,GK,69
F. Fielding,Bristol City,England,€14K,30,GK,69
C. Lampe,Boca Juniors,Bolivia,€8K,31,GK,69
Luciano Cacheira,Paraná,Brazil,€8K,34,GK,69
U. Ceylan,Alanyaspor,Turkey,€5K,32,GK,69
A. Bogdán,Hibernian,Hungary,€28K,30,GK,69
M. Lukač,Akhisar Belediyespor,Serbia,€6K,32,GK,69
M. Bunn,Aston Villa,England,€7K,33,GK,69
Z. Zlámal,Heart of Midlothian,Czech Republic,€3K,32,GK,69
J. Chunga,Junior FC,Colombia,€2K,26,GK,69
L. Thomas,Melbourne Victory,Australia,€4K,26,GK,69
J. Huth,1. FSV Mainz 05,Germany,€8K,24,GK,69
R. Zwinkels,ADO Den Haag,Netherlands,€2K,35,GK,69
J. Carranza,San Martin de Tucumán,Argentina,€3K,37,GK,69
P. Klandt,1. FC Nürnberg,Germany,€8K,34,GK,69
B. Uphoff,Karlsruher SC,Germany,€3K,24,GK,69
S. Chernik,AS Nancy Lorraine,Belarus,€3K,29,GK,69
J. MacDonald,Kilmarnock,Scotland,€3K,32,GK,69
V. Demarconnay,Paris FC,France,€2K,35,GK,69
I. Radu,Genoa,Romania,€12K,21,GK,69
F. Bredlow,1. FC Nürnberg,Germany,€7K,23,GK,69
C. Stanković,FC Red Bull Salzburg,Austria,€11K,25,GK,69
Mika,Os Belenenses,Portugal,€3K,27,GK,69
O. De Wolf,Sporting Lokeren,Belgium,€4K,21,GK,69
D. Boer,PEC Zwolle,Netherlands,€3K,37,GK,69
M. Knaller,FC Ingolstadt 04,Austria,€9K,31,GK,69
P. Reulet,Stade Malherbe Caen,France,€7K,24,GK,69
T. Kuszczak,Birmingham City,Poland,€6K,36,GK,69
D. Bernhardt,VfR Aalen,Germany,€1K,32,GK,69
L. Zingerle,SC Paderborn 07,Germany,€4K,24,GK,69
F. Müller,1. FSV Mainz 05,Germany,€6K,20,GK,69
P. Velthuizen,AZ Alkmaar,Netherlands,€6K,31,GK,69
P. Bråtveit,FK Haugesund,Norway,€2K,22,GK,69
G. Larsonneur,Stade Brestois 29,France,€2K,21,GK,69
C. Cáceda,,Peru,€0,26,GK,69
M. Gersbeck,Hertha BSC,Germany,€8K,23,GK,69
E. Taşkıran,Atiker Konyaspor,Turkey,€7K,28,GK,69
C. Bejarano,América de Cali,Equatorial Guinea,€1K,33,GK,68
G. Bushchan,Dynamo Kyiv,Ukraine,€1K,24,GK,68
Q. Beunardeau,CD Aves,France,€3K,24,GK,68
J. Moulin,AS Saint-Étienne,France,€9K,32,GK,68
Kim Seung Gyu,Vissel Kobe,Korea Republic,€3K,27,GK,68
T. Wellenreuther,Willem II,Germany,€3K,22,GK,68
J. Contreras,La Berrichonne de Châteauroux,Venezuela,€2K,23,GK,68
Cheng Yuelei,Guangzhou R&F; FC,China PR,€5K,30,GK,68
M. Wölfli,BSC Young Boys,Switzerland,€4K,35,GK,68
A. Santurro,Bologna,Italy,€9K,26,GK,68
J. Smith,Nottingham Forest,England,€11K,23,GK,68
D. Mitov Nilsson,IFK Norrköping,FYR Macedonia,€2K,27,GK,68
S. Andersen,FC København,Denmark,€4K,36,GK,68
P. Pentz,FK Austria Wien,Austria,€3K,21,GK,68
J. Delle,Feyenoord,France,€4K,28,GK,68
C. Muñoz,CD Universidad de Concepción,Argentina,€1K,41,GK,68
H. Sogahata,Kashima Antlers,Japan,€3K,38,GK,68
I. González,San Luis de Quillota,Chile,€2K,28,GK,68
S. Marinović,Vancouver Whitecaps FC,New Zealand,€3K,26,GK,68
M. Branderhorst,Willem II,Netherlands,€3K,24,GK,68
M. Schubert,SG Dynamo Dresden,Germany,€4K,20,GK,68
A. Weis, SSV Jahn Regensburg,Germany,€4K,28,GK,68
M. van der Hart,PEC Zwolle,Netherlands,€3K,24,GK,68
A. Kochenkov,Lokomotiv Moscow,Russia,€1K,31,GK,68
L. Álvarez,Rionegro Águilas,Uruguay,€1K,33,GK,68
M. Pinto,CD O'Higgins,Chile,€2K,34,GK,68
José Juan,Elche CF,Spain,€1K,39,GK,68
O. Jansson,Örebro SK,Sweden,€2K,27,GK,68
J. Ledesma,Rosario Central,Argentina,€5K,25,GK,68
A. Salazar,CD Universidad de Concepción,Chile,€3K,25,GK,68
J. Gamonal,Club Deportes Temuco,Chile,€1K,28,GK,68
J. Mabokgwane,Orlando Pirates,South Africa,€1K,30,GK,68
N. Marsman,FC Utrecht,Netherlands,€6K,27,GK,68
S. Şahin-Radlinger,SK Brann,Austria,€9K,25,GK,68
O. Werner,Royal Excel Mouscron,Belgium,€4K,33,GK,68
R. Ruiter,Sunderland,Netherlands,€5K,31,GK,68
A. Jovanović,SD Huesca,Serbia,€6K,25,GK,68
D. Martínez,Patriotas Boyacá FC,Colombia,€1K,28,GK,68
M. Rodák,Rotherham United,Slovakia,€10K,21,GK,68
B. Peacock-Farrell,Leeds United,Northern Ireland,€8K,21,GK,68
C. Gonzalez,Unión La Calera,Chile,€1K,28,GK,68
A. Bono,Toronto FC,United States,€2K,24,GK,68
S. Bain,Celtic,Scotland,€14K,26,GK,68
H. Yılmaz,Alanyaspor,Turkey,€5K,34,GK,68
D. Button,Brighton & Hove Albion,England,€14K,29,GK,68
B. Amos,Millwall,England,€4K,28,GK,68
A. Hayashi,FC Tokyo,Japan,€4K,31,GK,68
Juan Carlos,CD Numancia,Spain,€4K,30,GK,68
L. Pirard,Sint-Truidense VV,Belgium,€3K,23,GK,68
D. Gerken,Ipswich Town,England,€3K,33,GK,68
J. Zimmermann,Eintracht Frankfurt,Germany,€9K,33,GK,68
A. Lindegaard,Burnley,Denmark,€14K,34,GK,68
F. Bednarek,SC Heerenveen,Poland,€3K,25,GK,68
M. McGovern,Norwich City,Northern Ireland,€8K,33,GK,68
Oh Seung Hoon,Ulsan Hyundai FC,Korea Republic,€3K,30,GK,68
R. M'Bolhi,Ettifaq FC,Algeria,€8K,32,GK,68
S. Gonda,Sagan Tosu,Japan,€2K,29,GK,68
A. Fulignati,Empoli,Italy,€4K,23,GK,68
M. Kuster,SV Mattersburg,Austria,€5K,24,GK,68
T. Deric,Houston Dynamo,United States,€3K,29,GK,68
Y. Thoelen,KAA Gent,Belgium,€6K,27,GK,68
Y. Brecher,FC Zürich,Switzerland,€5K,25,GK,68
M. Gorgelin,Olympique Lyonnais,France,€15K,27,GK,68
Soriano,Sevilla FC,Spain,€3K,20,GK,68
E. Alfonso,Brescia,Italy,€2K,30,GK,68
D. Zagorac,Dinamo Zagreb,Croatia,€1K,31,GK,68
T. Acar,Sivasspor,Turkey,€5K,32,GK,68
Rubén,CA Osasuna,Spain,€3K,34,GK,68
J. Carvallo,,Peru,€0,32,GK,68
E. Özbir,Yeni Malatyaspor,Turkey,€5K,28,GK,68
M. Andersen,FC Midtjylland,Denmark,€7K,29,GK,68
D. González,Independiente Medellín,Colombia,€1K,35,GK,68
C. Ripley,Accrington Stanley,England,€14K,25,GK,68
F. Uzoho,Elche CF,Nigeria,€1K,19,GK,68
Márcio Velinha,Chapecoense,Brazil,€5K,30,GK,68
Koke Vegas,Levante UD,Spain,€6K,22,GK,68
Manolo Reina,RCD Mallorca,Spain,€3K,33,GK,68
Cristiano,Vitória de Setúbal,Portugal,€2K,27,GK,68
M. Grün,SV Darmstadt 98,Germany,€6K,31,GK,68
F. Kaplan,Antalyaspor,Turkey,€6K,29,GK,68
K. Çelikay,MKE Ankaragücü,Turkey,€7K,30,GK,68
S. McDermott,Kristiansund BK,Republic of Ireland,€2K,25,GK,68
P. Mina,Deportivo Cali,Colombia,€1K,32,GK,68
J. Speroni,Crystal Palace,Argentina,€8K,39,GK,68
Y. Al Mosailem,Al Ahli,Saudi Arabia,€11K,34,GK,68
W. Yarbrough,Club León,United States,€9K,29,GK,68
A. Pomini,Palermo,Italy,€1K,37,GK,68
Iván Villar,RC Celta,Spain,€4K,20,GK,68
M. Sayouba,Odense Boldklub,Ivory Coast,€4K,25,GK,68
F. Ben Mustapha,Al Shabab,Tunisia,€10K,29,GK,68
M. Vidal,Toulouse Football Club,France,€8K,27,GK,68
G. Ndy Assembe,AS Nancy Lorraine,Cameroon,€3K,32,GK,68
Fábio,CD Aves,Brazil,€4K,28,GK,68
J. Brinkies,FSV Zwickau,Germany,€1K,25,GK,68
A. Leitner,FC Admira Wacker Mödling,Austria,€4K,24,GK,68
L. Steele,Nottingham Forest,England,€14K,33,GK,68
D. Novoa,La Equidad,Colombia,€1K,29,GK,68
M. Koval,Al Fateh,Ukraine,€8K,25,GK,68
G. Hubert,Club Brugge KV,Belgium,€5K,24,GK,68
F. Al Qarni,Al Ittihad,Saudi Arabia,€11K,26,GK,68
P. Iliev,,Bulgaria,€0,26,GK,68
Yoon Bo Sang,Sangju Sangmu FC,Korea Republic,€1K,24,GK,68
M. Putnocký,Lech Poznań,Slovakia,€3K,33,GK,68
A. Vasyutin,Sarpsborg 08 FF,Russia,€1K,23,GK,68
J. Koprivec,,Slovenia,€0,29,GK,68
R. Jérez,Alianza Petrolera,Guatemala,€1K,32,GK,68
E. Alvarado,Trabzonspor,Costa Rica,€8K,29,GK,67
J. Bendik,Orlando City SC,United States,€2K,29,GK,67
J. Attinella,Portland Timbers,United States,€2K,29,GK,67
F. Altamirano,Club Atlético Banfield,Argentina,€3K,22,GK,67
R. de Boer,AZ Alkmaar,Netherlands,€3K,20,GK,67
T. Boss,SG Dynamo Dresden,Germany,€5K,25,GK,67
Carlos Abad,Córdoba CF,Spain,€2K,23,GK,67
M. Prévot,FC Sochaux-Montbéliard,France,€1K,21,GK,67
J. Steele,Brighton & Hove Albion,England,€11K,27,GK,67
Miguel Oliveira,Vitória Guimarães,Portugal,€2K,24,GK,67
M. Gilks,Scunthorpe United,Scotland,€2K,36,GK,67
P. Izzo,Adelaide United,Australia,€1K,23,GK,67
A. Iacobucci,Frosinone,Italy,€4K,27,GK,67
Bernabé,Gimnàstic de Tarragona,Spain,€2K,25,GK,67
L. Bostyn,SV Zulte-Waregem,Belgium,€3K,24,GK,67
P. Klewin,DSC Arminia Bielefeld,Germany,€3K,24,GK,67
S. Bruzzese,KV Kortrijk,Belgium,€4K,29,GK,67
R. Williams,,South Africa,€0,26,GK,67
Zubiaurre,Real Sociedad,Spain,€4K,21,GK,67
S. Moore,Sheffield United,England,€4K,28,GK,67
C. Gönen,Málaga CF,Turkey,€3K,30,GK,67
A. Coșelev,Fortuna Sittard,Moldova,€2K,24,GK,67
K. Begois,FC Groningen,Belgium,€2K,36,GK,67
M. Svilar,SL Benfica,Belgium,€1K,18,GK,67
Rafael de Aseiro,Sport Club do Recife,Brazil,€4K,26,GK,67
D. Bingham,LA Galaxy,United States,€2K,28,GK,67
R. Meara,New York Red Bulls,Republic of Ireland,€2K,27,GK,67
T. Loska,Górnik Zabrze,Poland,€2K,22,GK,67
N. Ramos,Atlético Bucaramanga,Colombia,€1K,36,GK,67
M. Vigorito,Lecce,Italy,€1K,28,GK,67
J. Burić,Lech Poznań,Bosnia Herzegovina,€3K,31,GK,67
L. Camp,Birmingham City,Northern Ireland,€7K,33,GK,67
J. Gonzalez,FC Dallas,United States,€2K,23,GK,67
L. Delgado,Atlético Bucaramanga,Colombia,€1K,37,GK,67
C. Seitz,Houston Dynamo,United States,€2K,31,GK,67
S. Aresti,Cagliari,Italy,€8K,32,GK,67
Lee Bum Young,Gangwon FC,Korea Republic,€2K,29,GK,67
G. Long,Hull City,England,€6K,24,GK,67
I. Groothuizen,ADO Den Haag,Netherlands,€2K,21,GK,67
Z. MacMath,Colorado Rapids,United States,€2K,26,GK,67
M. Ibáñez,Club Atlético Lanús,Argentina,€5K,31,GK,67
T. Miller,Los Angeles FC,United States,€2K,25,GK,67
N. Lomb,SV Sandhausen,Germany,€10K,24,GK,67
P. Frattali,Parma,Italy,€10K,32,GK,67
Rubén Yáñez,Getafe CF,Spain,€5K,24,GK,67
L. Cárdenas,Querétaro,Mexico,€3K,24,GK,67
F. Crivelli,Club Atlético Tigre,Argentina,€3K,36,GK,67
Serginho,Santa Clara,Portugal,€1K,35,GK,67
S. Gbohouo,,Ivory Coast,€0,29,GK,67
M. Zetterer,SV Werder Bremen,Germany,€5K,22,GK,67
J. Højbjerg,Esbjerg fB,Denmark,€2K,23,GK,67
Kim Ho Jun,Gangwon FC,Korea Republic,€2K,34,GK,67
P. Dahlberg,Watford,Sweden,€4K,19,GK,67
N. Körber,VfL Osnabrück,Germany,€4K,21,GK,67
S. Mielitz,SønderjyskE,Germany,€4K,28,GK,67
J. Young,Brisbane Roar,England,€2K,32,GK,67
Traeira Lopes,Vitória,Brazil,€4K,26,GK,67
Cristian Rivero,Valencia CF,Spain,€5K,20,GK,67
Caro,Albacete BP,Spain,€4K,24,GK,67
B. Hamer,Huddersfield Town,England,€11K,30,GK,67
Mateus Tangil,América FC (Minas Gerais),Brazil,€4K,30,GK,67
Fepe Avedo,Bahia,Brazil,€4K,30,GK,67
M. Dreyer,Amiens SC,France,€5K,29,GK,67
D. Mesenhöler,MSV Duisburg,Germany,€2K,22,GK,67
V. Eicher,1. FC Heidenheim 1846,Germany,€4K,27,GK,67
A. Davies,Barnsley,Wales,€3K,25,GK,67
José Suárez,Girona FC,Spain,€6K,22,GK,67
A. Al Qarni,Al Ittihad,Saudi Arabia,€9K,34,GK,67
Deng Xiaofei,Chongqing Dangdai Lifan FC SWM Team,China PR,€2K,35,GK,67
G. Akkan,Çaykur Rizespor,Turkey,€3K,23,GK,67
M. Hernández,Tiburones Rojos de Veracruz,Mexico,€2K,35,GK,67
M. Schwäbe,Brøndby IF,Germany,€6K,23,GK,67
L. Cháves,Argentinos Juniors,Argentina,€3K,22,GK,67
R. Naranjo,Deportes Iquique,Chile,€1K,38,GK,67
R. Di Gennaro,Inter,Italy,€11K,24,GK,67
A. Sánchez,Atlético Tucumán,Argentina,€3K,31,GK,67
R. Matthews,Bolton Wanderers,England,€6K,24,GK,67
J. Ligali,Montpellier HSC,France,€6K,27,GK,67
M. Jiménez,Guadalajara,Mexico,€10K,28,GK,67
K. Broll,SG Sonnenhof Großaspach,Germany,€1K,22,GK,67
Pedro Trigueira,Moreirense FC,Portugal,€2K,30,GK,67
B. Mitrev,,Bulgaria,€0,31,GK,67
P. Mandanda,Sporting de Charleroi,DR Congo,€4K,28,GK,67
J. Vachoux,Racing Club de Lens,France,€2K,23,GK,67
S. Eastwood,Oxford United,England,€4K,29,GK,67
K. Kotsaris,Panathinaikos FC,Greece,€1K,21,GK,67
A. Šemper,Chievo Verona,Croatia,€3K,20,GK,67
J. Alnwick,Scunthorpe United,England,€11K,25,GK,67
A. Maksimenko,Spartak Moscow,Russia,€1K,20,GK,67
L. Załuska,Pogoń Szczecin,Poland,€1K,36,GK,67
C. Vargas,Atlético Nacional,Colombia,€2K,28,GK,67
Santamaría,SD Huesca,Spain,€6K,33,GK,67
Assis,Boavista FC,Brazil,€3K,28,GK,67
André Ferreira,CD Aves,Portugal,€3K,22,GK,67
M. Lampson,Minnesota United FC,United States,€2K,28,GK,67
M. Asselah,Al Hazem,Algeria,€4K,31,GK,67
Milton Raphael,Vitória de Setúbal,Brazil,€2K,27,GK,66
P. Carlgren,Randers FC,Sweden,€3K,26,GK,66
S. Sy,AS Monaco,Senegal,€10K,22,GK,66
C. Guerra,Unión Española,Chile,€1K,23,GK,66
M. Štěch,Luton Town,Czech Republic,€3K,28,GK,66
T. Renault,US Orléans Loiret Football,France,€2K,34,GK,66
Andrés Prieto,Málaga CF,Spain,€2K,24,GK,66
S. Mpontshane,Orlando Pirates,South Africa,€1K,32,GK,66
L. Lezzerini,Venezia FC,Italy,€1K,23,GK,66
L. Michel,Club Tijuana,Mexico,€3K,38,GK,66
B. Castillo,Atlético Huila,Colombia,€1K,40,GK,66
M. Macey,Plymouth Argyle,England,€14K,23,GK,66
A. Nübel,FC Schalke 04,Germany,€4K,21,GK,66
I. Lanni,Ascoli,Italy,€1K,28,GK,66
D. Phillips,Charlton Athletic,England,€3K,23,GK,66
Kim Yong Dae,Ulsan Hyundai FC,Korea Republic,€1K,38,GK,66
G. Gallon,US Orléans Loiret Football,France,€2K,25,GK,66
Zhang Lu,Tianjin Quanjian FC,China PR,€5K,30,GK,66
C. Riegler,SKN St. Pölten,Austria,€4K,26,GK,66
A. Maisonnial,FC Sion,France,€4K,20,GK,66
G. Gómez,Racing Club,Argentina,€4K,22,GK,66
L. Roberts,Walsall,England,€2K,23,GK,66
Y. Akimoto,Shonan Bellmare,Japan,€1K,30,GK,66
L. Nicholls,Milton Keynes Dons,England,€4K,25,GK,66
A. Kann,Atlanta United,United States,€2K,27,GK,66
G. Viscarra,,Bolivia,€0,25,GK,66
Gu Sung Yun,Hokkaido Consadole Sapporo,Korea Republic,€1K,24,GK,66
R. Cierzniak,Legia Warszawa,Poland,€2K,35,GK,66
H. Koffi,LOSC Lille,Burkina Faso,€4K,21,GK,66
Lee Ho Seung,Jeonnam Dragons,Korea Republic,€2K,28,GK,66
C. Knett,FC Wacker Innsbruck,Austria,€3K,27,GK,66
Lee Chang Geun,Jeju United FC,Korea Republic,€1K,24,GK,66
Daniel Fuzato,Roma,Brazil,€7K,20,GK,66
Álex Cobo,Deportivo de La Coruña,Spain,€2K,22,GK,66
K. Kamiński,Júbilo Iwata,Poland,€2K,27,GK,66
A. Balijon,Le Havre AC,France,€1K,35,GK,66
E. Barli,Ranheim Fotball,Norway,€1K,26,GK,66
R. Vollath,KFC Uerdingen 05,Germany,€2K,28,GK,66
J. Aguirre,Atlético Bucaramanga,Colombia,€1K,26,GK,66
C. MacGillivray,Portsmouth,England,€3K,25,GK,66
S. Henderson,Nottingham Forest,Republic of Ireland,€10K,30,GK,66
A. Donnarumma,Milan,Italy,€15K,27,GK,66
S. Stevens,Excelsior,Netherlands,€2K,26,GK,66
Z. Clark,St. Johnstone FC,Scotland,€2K,26,GK,66
Ryu Won Woo,Pohang Steelers,Korea Republic,€2K,27,GK,66
Z. Laaroubi,Ohod Club,Morocco,€5K,33,GK,66
J. Willis,Houston Dynamo,United States,€2K,29,GK,66
A. Lukse,SCR Altach,Austria,€3K,30,GK,66
P. Pervan,VfL Wolfsburg,Austria,€8K,30,GK,66
A. Schlager,LASK Linz,Austria,€2K,22,GK,66
Dani Martín,Real Sporting de Gijón,Spain,€1K,19,GK,66
A. Paleari,Cittadella,Italy,€1K,25,GK,66
A. Al Mayoof,Al Hilal,Saudi Arabia,€8K,31,GK,66
D. de Vries,Celtic,Netherlands,€7K,37,GK,66
P. Kovář,SK Slavia Praha,Czech Republic,€1K,32,GK,66
N. Manfredini,Spezia,Italy,€1K,30,GK,66
N. Jackers,KRC Genk,Belgium,€2K,20,GK,66
F. Perucchini,Ascoli,Italy,€1K,26,GK,66
E. Reséndez,Monterrey,Mexico,€7K,22,GK,66
D. Bičík,Sparta Praha,Czech Republic,€1K,37,GK,66
C. Dawson,Sheffield Wednesday,England,€5K,22,GK,66
N. Douchez,Red Star FC,France,€1K,38,GK,66
Yang Cheng,Hebei China Fortune FC,China PR,€3K,32,GK,66
P. Sisniega,Real Sociedad,Mexico,€5K,22,GK,66
L. Montipó,Benevento,Italy,€1K,22,GK,66
B. Valette,Nîmes Olympique,France,€4K,25,GK,66
G. Kobel,TSG 1899 Hoffenheim,Switzerland,€4K,20,GK,66
L. Badiashile,AS Monaco,France,€8K,20,GK,66
I. Arce,San Martin de Tucumán,Argentina,€3K,26,GK,66
C. Doyle,Heart of Midlothian,Republic of Ireland,€2K,33,GK,66
E. Domaschke,SV Meppen,Germany,€1K,32,GK,66
B. Alnwick,Bolton Wanderers,England,€3K,31,GK,66
Jailson Acuna,Sport Club do Recife,Brazil,€4K,30,GK,66
M. Crépeau,,Canada,€0,24,GK,66
F. Farnolle,Yeni Malatyaspor,Benin,€3K,33,GK,66
M. Delač,AC Horsens,Croatia,€3K,25,GK,66
Son Jeong Hyeon,Gyeongnam FC,Korea Republic,€2K,26,GK,66
F. Kurto,Wellington Phoenix,Poland,€1K,27,GK,66
Manu García,Extremadura UD,Spain,€2K,27,GK,66
Gu Chao,Jiangsu Suning FC,China PR,€5K,28,GK,66
J. Wildsmith,Sheffield Wednesday,England,€5K,22,GK,66
Diogo Costa,FC Porto,Portugal,€1K,18,GK,66
N. Larsen,FC Nordsjælland,Denmark,€3K,27,GK,66
M. Buchalik,Wisła Kraków,Poland,€2K,29,GK,66
Basilio,CF Rayo Majadahonda,Spain,€2K,34,GK,66
M. El-Shenawy,,Egypt,€0,29,GK,66
R. Descamps,Clermont Foot 63,France,€11K,22,GK,66
M. Oxley,Southend United,England,€2K,27,GK,66
Z. Alomerović,Lechia Gdańsk,Serbia,€2K,27,GK,66
F. Canales,Lobos BUAP,Mexico,€2K,31,GK,66
M. Awad,Al Wehda,Egypt,€5K,25,GK,66
R. Vodišek,Genoa,Slovenia,€1K,19,GK,66
Magno Novaes,AS Béziers,Brazil,€1K,35,GK,66
D. Haas,FC Erzgebirge Aue,Germany,€2K,34,GK,66
N. Ravaglia,US Cremonese,Italy,€1K,29,GK,66
W. Norris,Wolverhampton Wanderers,England,€10K,24,GK,66
L. Kruse,Eintracht Braunschweig,Germany,€2K,34,GK,66
Wang Zhuo,Guizhou Hengfeng FC,China PR,€4K,28,GK,66
S. Moyano,Gimnasia y Esgrima La Plata,Argentina,€3K,27,GK,66
A. Doukha,Al Raed,Algeria,€5K,31,GK,66
A. Vanins,FC Zürich,Latvia,€2K,38,GK,66
A. Plizzari,Milan,Italy,€4K,18,GK,66
D. Martin,Millwall,England,€3K,32,GK,66
H. Iikura,Yokohama F. Marinos,Japan,€2K,32,GK,66
V. Janjetović,Western Sydney Wanderers,Australia,€2K,30,GK,66
T. Černý,Aberdeen,Czech Republic,€2K,33,GK,66
M. Kobras,SCR Altach,Austria,€3K,32,GK,66
N. Bertrams,FC Nordsjælland,Netherlands,€3K,25,GK,66
A. Brunst,1. FC Magdeburg,Germany,€3K,22,GK,65
H. Piedra,,Ecuador,€0,25,GK,65
M. de Fockert,Excelsior,Netherlands,€1K,23,GK,65
R. Ramírez,Godoy Cruz,Argentina,€2K,21,GK,65
J. Gleeson,Portland Timbers,New Zealand,€2K,28,GK,65
M. Hildebrandt,Atlanta United,United States,€2K,29,GK,65
A. Kofler,Wolfsberger AC,Austria,€3K,31,GK,65
O. Marciano,Hibernian,Israel,€2K,28,GK,65
J. Słowik,Śląsk Wrocław,Poland,€2K,26,GK,65
S. Narazaki,Nagoya Grampus,Japan,€1K,42,GK,65
C. Irwin,Toronto FC,United States,€2K,29,GK,65
S. Brown,Port Vale,England,€3K,33,GK,65
A. Østbø,Rosenborg BK,Norway,€2K,27,GK,65
J. Kempin,Columbus Crew SC,United States,€2K,25,GK,65
D. Bassi,Spezia,Italy,€1K,33,GK,65
M. Caranta,Club Atlético Talleres,Argentina,€2K,39,GK,65
J. Vickers,Lincoln City,England,€3K,22,GK,65
G. Rehak,Independiente,Argentina,€4K,25,GK,65
M. Giannikoglou,AEK Athens,Greece,€1K,25,GK,65
Pedro Silva,CD Tondela,Portugal,€2K,21,GK,65
J. Butez,Royal Excel Mouscron,France,€2K,23,GK,65
M. Birighitti,Melbourne City FC,Australia,€3K,27,GK,65
Ángel Galván,CD Tenerife,Spain,€2K,25,GK,65
Y. Thuram,Le Havre AC,France,€2K,29,GK,65
Yang Zhi,Beijing Sinobo Guoan FC,China PR,€2K,35,GK,65
Liu Dianzuo,Guangzhou Evergrande Taobao FC,China PR,€4K,28,GK,65
D. Bouzanis,PEC Zwolle,Australia,€3K,27,GK,65
Y. Rokutan,Shimizu S-Pulse,Japan,€1K,31,GK,65
M. Álvarez,Independiente,Argentina,€4K,29,GK,65
A. Damen,Excelsior,Netherlands,€2K,28,GK,65
H. Opdal,IK Start,Norway,€1K,36,GK,65
N. Avellaneda,Defensa y Justicia,Argentina,€3K,25,GK,65
Fernando,UD Almería,Spain,€2K,28,GK,65
C. Trueman,Birmingham City,England,€4K,22,GK,65
Álvaro,Extremadura UD,Spain,€7K,20,GK,65
E. Birniçan,Kasimpaşa SK,Turkey,€3K,29,GK,65
B. Maubleu,Grenoble Foot 38,France,€2K,28,GK,65
W. Eskelinen,GIF Sundsvall,Sweden,€1K,21,GK,65
J. Ayala,Rosario Central,Argentina,€3K,30,GK,65
Markel Areitio,SD Eibar,Spain,€3K,21,GK,65
M. Ingram,Queens Park Rangers,England,€2K,24,GK,65
S. Clark,Portland Timbers,United States,€2K,32,GK,65
A. Cairns,Fleetwood Town,England,€2K,25,GK,65
L. Giovini,Unión La Calera,Argentina,€1K,36,GK,65
B. Körk,Akhisar Belediyespor,Turkey,€2K,38,GK,65
T. Mickel,Hamburger SV,Germany,€3K,29,GK,65
N. Medvedev,Lokomotiv Moscow,Russia,€1K,23,GK,65
S. Arai,Kawasaki Frontale,Japan,€2K,29,GK,65
Q. Westberg,AJ Auxerre,United States,€2K,32,GK,65
G. Poussin,FC Girondins de Bordeaux,France,€2K,19,GK,65
J. Jones,Wigan Athletic,England,€10K,29,GK,65
Luís Maximiano,Sporting CP,Portugal,€1K,19,GK,65
J. Haugaard,Stoke City,Denmark,€8K,26,GK,65
G. Marinelli,Club Atlético Tigre,Argentina,€3K,29,GK,65
P. Delecroix,FC Metz,France,€2K,29,GK,65
A. Jaakkola,Reading,Finland,€6K,31,GK,65
D. Ovono,Paris FC,Gabon,€1K,35,GK,65
G. Faivre,FC Thun,Switzerland,€3K,31,GK,65
M. Schulze Niehues,SC Preußen Münster,Germany,€1K,29,GK,65
D. Castillo,CD Universidad de Concepción,Chile,€1K,27,GK,65
O. Schnitzler,SC Preußen Münster,Germany,€1K,22,GK,65
V. Vries,Kaizer Chiefs,Namibia,€1K,27,GK,65
Óscar Whalley,Aarhus GF,Spain,€2K,24,GK,65
A. Mannus,Shamrock Rovers,Northern Ireland,€1K,36,GK,65
A. Stolz,TSG 1899 Hoffenheim,Germany,€6K,34,GK,65
M. Malaeka,Al Faisaly,Saudi Arabia,€5K,32,GK,65
Wu Yake,Changchun Yatai FC,China PR,€2K,27,GK,65
D. Forde,Cambridge United,Republic of Ireland,€2K,38,GK,65
A. Lonergan,Middlesbrough,England,€9K,34,GK,65
B. Knighton,New England Revolution,United States,€2K,33,GK,65
S. Román,Once Caldas,Colombia,€1K,23,GK,65
No Dong Geon,Suwon Samsung Bluewings,Korea Republic,€2K,26,GK,65
C. Früchtl,FC Bayern München,Germany,€3K,18,GK,65
J. Devecchi,San Lorenzo de Almagro,Argentina,€3K,22,GK,65
L. Hoyos,Vélez Sarsfield,Argentina,€3K,29,GK,65
A. Otero,Patriotas Boyacá FC,Colombia,€1K,34,GK,65
J. Deumeland,IK Start,Germany,€1K,30,GK,65
T. Knoflach,SK Rapid Wien,Austria,€3K,24,GK,65
Zhang Lie,Beijing Renhe FC,China PR,€2K,36,GK,65
L. Königshofer,SpVgg Unterhaching,Austria,€1K,29,GK,65
S. Avellaneda,Boyacá Chicó FC,Colombia,€1K,28,GK,65
A. Duarte,Lobos BUAP,Peru,€2K,24,GK,65
D. Petković,FC Lorient,Montenegro,€2K,25,GK,65
P. Drewes,FC Würzburger Kickers,Germany,€2K,25,GK,65
B. Samba,Stade Malherbe Caen,France,€4K,24,GK,65
Y. Marillat,AS Béziers,France,€1K,23,GK,65
G. Allison,Cruz Azul,Mexico,€5K,27,GK,65
M. Langer,FC Schalke 04,Austria,€5K,33,GK,65
C. Cropper,New England Revolution,United States,€2K,25,GK,65
J. McCarthy,Philadelphia Union,United States,€2K,25,GK,65
S. Walker,Reading,England,€6K,26,GK,65
D. Merelli,Padova,Italy,€1K,22,GK,65
K. Sharahili,Al Faisaly,Saudi Arabia,€5K,31,GK,65
L. Daniels,Brentford,England,€8K,30,GK,65
J. Deschamps,Curicó Unido,Chile,€1K,34,GK,65
I. Šehić,BB Erzurumspor,Bosnia Herzegovina,€3K,29,GK,65
J. Steer,Charlton Athletic,England,€4K,25,GK,65
J. Leutwiler,Blackburn Rovers,Canada,€8K,29,GK,65
A. Keita,Östersunds FK,Guinea,€1K,31,GK,65
Ham Seok Min,Gangwon FC,Korea Republic,€1K,24,GK,65
M. Solís,Independiente Santa Fe,Colombia,€1K,35,GK,65
T. Sugeno,Hokkaido Consadole Sapporo,Japan,€1K,34,GK,64
E. Hernández,Club Atlas,Mexico,€2K,35,GK,64
O. Kocuk,Bursaspor,Turkey,€2K,22,GK,64
A. Cadavid,Itagüí Leones FC,Colombia,€1K,27,GK,64
E. Mastrolía,Club Atlético Talleres,Argentina,€3K,27,GK,64
D. van Crooij,VVV-Venlo,Netherlands,€2K,27,GK,64
J. Duncan,Al Qadisiyah,Australia,€3K,25,GK,64
R. O'Donnell,Bradford City,England,€2K,29,GK,64
O. Özenç,Antalyaspor,Turkey,€3K,25,GK,64
R. Swete,TSV Hartberg,Austria,€2K,28,GK,64
L. Santelices,Curicó Unido,Chile,€1K,32,GK,64
R. Sandberg,Stabæk Fotball,Sweden,€1K,27,GK,64
A. Tarbell,San Jose Earthquakes,United States,€1K,24,GK,64
D. Davari,MSV Duisburg,Iran,€2K,30,GK,64
E. Oelschlägel,Borussia Dortmund,Germany,€6K,22,GK,64
K. Müller,FC St. Pauli,Germany,€3K,27,GK,64
H. Canbazoğlu,BB Erzurumspor,Turkey,€2K,30,GK,64
A. Mandrea,Angers SCO,France,€2K,21,GK,64
J. Valencia,Rionegro Águilas,Colombia,€1K,25,GK,64
J. Rask,Hobro IK,Denmark,€2K,29,GK,64
J. Mitchell,Oxford United,England,€5K,23,GK,64
B. Vandenbussche,KSV Cercle Brugge,Belgium,€2K,36,GK,64
T. Holý,Gillingham,Czech Republic,€2K,26,GK,64
Álex Craninx,Molde FK,Belgium,€1K,22,GK,64
F. Ruberto,FC Thun,Switzerland,€2K,25,GK,64
U. Çakır,Trabzonspor,Turkey,€4K,22,GK,64
A. Al Mazaidi,Al Fateh,Saudi Arabia,€5K,32,GK,64
Pol,CF Reus Deportiu,Spain,€2K,26,GK,64
Edu Frias,RCD Espanyol,Spain,€1K,19,GK,64
P. Bajza,Vejle Boldklub,Slovakia,€2K,26,GK,64
A. Özer,Fortuna Sittard,Turkey,€1K,25,GK,64
D. Lopar,FC St. Gallen,Switzerland,€3K,33,GK,64
Nelson Freitosa,Ceará Sporting Club,Brazil,€3K,34,GK,64
A. Jakubech,LOSC Lille,Slovakia,€3K,21,GK,64
L. Zima,Livorno,Czech Republic,€2K,24,GK,64
C. Logan,Mansfield Town,Republic of Ireland,€3K,32,GK,64
Diogo Silva,CD Tondela,Portugal,€1K,25,GK,64
M. Howard,Blackpool,England,€2K,31,GK,64
Song Bum Keun,Jeonbuk Hyundai Motors,Korea Republic,€1K,20,GK,64
A. Legzdins,Burnley,England,€8K,31,GK,64
M. Jeannin,Clermont Foot 63,Algeria,€1K,27,GK,64
C. Patterson-Sewell,Toronto FC,United States,€1K,31,GK,64
L. McCormick,Swindon Town,England,€3K,34,GK,64
B. Magaña,U.N.A.M.,United States,€3K,24,GK,64
K. Scherpen,FC Emmen,Netherlands,€1K,18,GK,64
C. Pym,Exeter City,England,€2K,23,GK,64
D. Telgenkamp,FC Emmen,Netherlands,€1K,31,GK,64
Leonardo,Portimonense SC,Brazil,€2K,25,GK,64
B. Stuver,New York City FC,United States,€1K,27,GK,64
N. Losada,Deportivo Pasto,Argentina,€1K,25,GK,64
G. Sandomierski,Jagiellonia Białystok,Poland,€2K,28,GK,64
T. Müller,Hallescher FC,Germany,€1K,20,GK,64
M. Gostomski,Cracovia,Poland,€1K,29,GK,64
Hong Jung Nam,Jeonbuk Hyundai Motors,Korea Republic,€2K,30,GK,64
Lucas França,CD Nacional,Brazil,€2K,22,GK,64
P. Wiegers,SG Dynamo Dresden,Germany,€4K,28,GK,64
Q. Braat,FC Nantes,France,€3K,20,GK,64
J. Bond,West Bromwich Albion,England,€5K,25,GK,64
E. Galekovic,Melbourne City FC,Australia,€1K,37,GK,64
I. Çipe,Galatasaray SK,Turkey,€7K,23,GK,64
M. Perdijić,Zagłębie Sosnowiec,Croatia,€1K,36,GK,64
J. Szmatuła,Piast Gliwice,Poland,€1K,37,GK,64
F. Assmann,Club Atlético Aldosivi,Argentina,€2K,32,GK,64
S. Londoño,Envigado FC,Colombia,€1K,23,GK,64
Alberto Varo,CD Lugo,Spain,€2K,25,GK,64
B. Rowe,Vancouver Whitecaps FC,United States,€2K,29,GK,64
A. Etemadi,De Graafschap,Iran,€2K,31,GK,64
T. Gebauer,LASK Linz,Austria,€1K,36,GK,64
T. Berni,Inter,Italy,€5K,35,GK,64
B. Bellot,Brøndby IF,Germany,€4K,27,GK,64
J. Martínez,Envigado FC,Colombia,€1K,24,GK,64
F. Alastra,Palermo,Italy,€1K,20,GK,64
Cho Soo Hyuk,Ulsan Hyundai FC,Korea Republic,€2K,31,GK,64
D. Bertaud,Montpellier HSC,France,€3K,20,GK,64
J. Lumley,Queens Park Rangers,England,€2K,23,GK,64
J. Teunckens,Royal Antwerp FC,Belgium,€1K,20,GK,64
F. Al Masrahi,Al Qadisiyah,Saudi Arabia,€3K,25,GK,64
K. Eisele,Hallescher FC,Germany,€1K,23,GK,64
F. Woodman,Newcastle United,England,€5K,21,GK,64
F. Torgnascioli,CD Everton de Viña del Mar,Uruguay,€1K,27,GK,64
G. Kongshavn,Tromsø IL,Norway,€1K,27,GK,64
R. Sánchez,Millonarios FC,Colombia,€1K,34,GK,64
M. Kuttin,FC Admira Wacker Mödling,Austria,€2K,24,GK,64
B. Murphy,Cardiff City,Republic of Ireland,€5K,35,GK,64
R. Allsop,Wycombe Wanderers,England,€2K,26,GK,64
K. Fickentscher,FC Sion,Switzerland,€5K,29,GK,64
A. Al Kassar,Al Faisaly,Saudi Arabia,€4K,27,GK,64
P. Leciejewski,Zagłębie Lubin,Poland,€1K,33,GK,64
R. Quiñonez,,Bolivia,€0,26,GK,64
F. Hurtado,CD Antofagasta,Chile,€1K,35,GK,64
L. López,Los Angeles FC,Honduras,€1K,24,GK,64
F. Lanzillotta,Argentinos Juniors,Argentina,€2K,25,GK,64
J. Lillis,Rochdale,England,€1K,31,GK,64
P. Charruau,Red Star FC,France,€1K,24,GK,64
O. Mandanda,FC Girondins de Bordeaux,France,€2K,19,GK,64
L. Hägg-Johansson,Kalmar FF,Sweden,€1K,23,GK,64
E. Johansen,Sandefjord Fotball,Norway,€1K,25,GK,64
A. Noppert,Foggia,Netherlands,€1K,24,GK,64
P. Heerwagen,FC Ingolstadt 04,Germany,€3K,35,GK,64
S. Ichazo,Torino,Uruguay,€6K,26,GK,64
L. McGee,Portsmouth,England,€2K,22,GK,64
J. Hamilton,Dundee FC,Scotland,€1K,24,GK,64
D. Konstantopoulos,Middlesbrough,Greece,€5K,39,GK,64
J. Maurer,FC Dallas,United States,€2K,29,GK,64
L. Vigouroux,Swindon Town,Chile,€2K,24,GK,63
B. de Jong,RSC Anderlecht,Netherlands,€2K,24,GK,63
S. Hernández,Club Atlas,Mexico,€2K,21,GK,63
G. Singh Sandhu,,India,€0,26,GK,63
L. Burge,Coventry City,England,€2K,25,GK,63
Carlos Miguel,FC Red Bull Salzburg,Brazil,€3K,21,GK,63
A. Kanibolotskyi,Miedź Legnica,Ukraine,€1K,30,GK,63
A. Cisak,Sydney FC,Australia,€2K,29,GK,63
Hwang ByeongGeun,Jeonbuk Hyundai Motors,Korea Republic,€1K,24,GK,63
M. Al Furayj,Al Fayha,Saudi Arabia,€3K,30,GK,63
M. Sourzac,Nîmes Olympique,France,€3K,26,GK,63
P. Gori,Benevento,Italy,€1K,38,GK,63
N. Flø,Vendsyssel FF,Denmark,€2K,22,GK,63
A. Al Owayshir,Al Nassr,Saudi Arabia,€5K,27,GK,63
Lee Tae Hee,Incheon United FC,Korea Republic,€1K,23,GK,63
J. Fabri,Stade Brestois 29,France,€1K,24,GK,63
M. Şengezer,Bursaspor,Turkey,€2K,21,GK,63
A. Meyer,VfB Stuttgart,Germany,€5K,27,GK,63
S. Rénot,Red Star FC,France,€1K,28,GK,63
D. Zibung,FC Luzern,Switzerland,€2K,34,GK,63
Y. De Winter,Royal Antwerp FC,Belgium,€2K,31,GK,63
C. Diop,Montreal Impact,Senegal,€1K,24,GK,63
J. Coleman,Shrewsbury,England,€5K,22,GK,63
J. Rose,Southampton,England,€5K,23,GK,63
Guilherme Oliveira,Os Belenenses,Portugal,€1K,23,GK,63
E. Ruiz,La Equidad,Colombia,€1K,20,GK,63
J. Aylagas,Club Atlético Colón,Argentina,€2K,22,GK,63
A. Olliero,FC Nantes,France,€3K,22,GK,63
D. Stojanović,FC St. Gallen,FYR Macedonia,€2K,24,GK,63
M. McNulty,Cork City,Republic of Ireland,€1K,37,GK,63
M. Ratajczak,SC Paderborn 07,Germany,€1K,36,GK,63
O. Framelin,CD Nacional,Cameroon,€1K,21,GK,63
D. Reimann,Holstein Kiel,Germany,€1K,21,GK,63
E. Parish,Dundee FC,England,€1K,28,GK,63
L. Corti,San Martín de San Juan,Argentina,€2K,37,GK,63
T. Okubo,FC Tokyo,Japan,€2K,28,GK,63
O. Kudryk,Shakhtar Donetsk,Ukraine,€1K,21,GK,63
S. Bywater,Burton Albion,England,€1K,37,GK,63
Ander Cantero,CF Rayo Majadahonda,Spain,€3K,23,GK,63
Jang Dae Hee,Jeonnam Dragons,Korea Republic,€1K,24,GK,63
T. Vincensini,Valenciennes FC,France,€1K,24,GK,63
W. Viitala,Malmö FF,Finland,€1K,26,GK,63
L. García,Sevilla FC,Colombia,€2K,20,GK,63
S. Pérez,CD Palestino,Chile,€1K,27,GK,63
G. Rogers,Dundalk,Republic of Ireland,€1K,36,GK,63
M. Caillard,En Avant de Guingamp,France,€3K,24,GK,63
P. Heredia,Belgrano de Córdoba,Argentina,€2K,28,GK,63
L. Andrenacci,Brescia,Italy,€1K,23,GK,63
P. Jones,Fleetwood Town,England,€2K,32,GK,63
A. Redmayne,Sydney FC,Australia,€2K,29,GK,63
O. Sissoko,Le Havre AC,Mali,€1K,30,GK,63
S. Kroll,VfL Sportfreunde Lotte,Germany,€1K,21,GK,63
K. Debaty,Waasland-Beveren,Belgium,€2K,29,GK,63
N. Rehnen,SC Fortuna Köln,Germany,€2K,21,GK,63
S. Flinders,Cheltenham Town,England,€2K,32,GK,63
S. Perisan,Padova,Italy,€2K,20,GK,63
Yu Ziqian,Dalian YiFang FC,China PR,€2K,33,GK,63
H. Bonmann,TSV 1860 München,Germany,€1K,24,GK,63
U. Yuvakuran,Beşiktaş JK,Turkey,€4K,20,GK,63
A. Chapman,Peterborough United,England,€2K,28,GK,63
G. Moss,Newcastle Jets,New Zealand,€1K,35,GK,63
M. Peškovič,Cracovia,Slovakia,€1K,36,GK,63
A. Smith,Bristol Rovers,England,€2K,25,GK,63
A. Mosquera,Independiente Medellín,Colombia,€1K,26,GK,63
I. Pomazun,PFC CSKA Moscow,Russia,€1K,21,GK,63
C. Dobnik,Wolfsberger AC,Austria,€2K,31,GK,63
J. Escobar,Jaguares de Córdoba,Colombia,€1K,30,GK,63
M. Van Damme,KSV Cercle Brugge,Belgium,€2K,24,GK,63
J. McKeown,Grimsby Town,Republic of Ireland,€2K,28,GK,63
J. Mucha,Hamilton Academical FC,Slovakia,€1K,35,GK,63
R. Sánchez,Chicago Fire,Mexico,€1K,24,GK,63
B. Roche,Morecambe,Republic of Ireland,€1K,36,GK,63
H. Burgoyne,Plymouth Argyle,England,€5K,21,GK,63
Wu Yan,Henan Jianye FC,China PR,€2K,29,GK,63
Carlos Travisso,Vitória,Brazil,€2K,34,GK,63
Neto,América de Cali,Brazil,€1K,25,GK,63
J. Day,Newport County,England,€2K,27,GK,63
Paulo Vítor,Rio Ave FC,Brazil,€2K,29,GK,63
K. Letheren,Plymouth Argyle,Wales,€2K,30,GK,63
M. Miśkiewicz,Korona Kielce,Poland,€1K,29,GK,63
Sander Asevedo,Paraná,Brazil,€3K,34,GK,63
A. Dagriri,Al Hazem,Saudi Arabia,€2K,28,GK,63
D. Da Costa,FC Lugano,Switzerland,€1K,32,GK,63
Nuno Macedo,Moreirense FC,Portugal,€1K,19,GK,63
P. Köhn,FC Red Bull Salzburg,Switzerland,€3K,20,GK,63
O. Söderberg,Kalmar FF,Sweden,€1K,27,GK,63
Álex Domínguez,Deportivo Alavés,Spain,€1K,19,GK,63
Dani Cárdenas,Levante UD,Spain,€2K,21,GK,63
P. Soto,Colo-Colo,Chile,€1K,23,GK,63
B. Olejnik,Mansfield Town,Austria,€3K,31,GK,63
A. Spahic,FC Energie Cottbus,Bosnia Herzegovina,€1K,21,GK,63
Chi Wenyi,Beijing Sinobo Guoan FC,China PR,€3K,30,GK,63
T. Zwarthoed,NAC Breda,Netherlands,€1K,35,GK,63
D. Iversen,Oldham Athletic,Denmark,€5K,20,GK,63
T. Schützenauer,SK Sturm Graz,Austria,€2K,21,GK,63
Li Shuai,Shanghai Greenland Shenhua FC,China PR,€2K,35,GK,63
Ezkieta,FC Barcelona,Spain,€10K,21,GK,63
A. Andersson,Östersunds FK,Sweden,€1K,27,GK,63
W. Abdullah,Al Nassr,Saudi Arabia,€5K,32,GK,63
Juan Pérez,CA Osasuna,Spain,€1K,21,GK,63
B. Sylvestre,LA Galaxy,United States,€1K,25,GK,63
J. Castillo,U.N.A.M.,Mexico,€3K,23,GK,63
E. Gertmonas,Stade Rennais FC,Lithuania,€4K,22,GK,63
S. Müller,Karlsruher SC,Germany,€1K,22,GK,63
M. Maroši,Doncaster Rovers,Slovakia,€1K,24,GK,63
P. Grazziani,Alianza Petrolera,Colombia,€1K,23,GK,63
T. Worra,DC United,United States,€1K,25,GK,63
M. Al Anazi,Al Batin,Saudi Arabia,€3K,28,GK,63
D. Hładun,Zagłębie Lubin,Poland,€1K,22,GK,63
T. Dähne,Wisła Płock,Germany,€1K,24,GK,63
M. Tørnes,Vendsyssel FF,Denmark,€2K,32,GK,63
D. Léon,Stade Brestois 29,France,€1K,25,GK,63
B. Niasse,KAS Eupen,Senegal,€1K,21,GK,63
Yoo Hyun,FC Seoul,Korea Republic,€1K,33,GK,63
C. Källqvist,BK Häcken,Sweden,€1K,34,GK,63
J. Muñoz,Audax Italiano,Chile,€1K,27,GK,63
G. Morris,Crawley Town,England,€2K,34,GK,63
I. Lawlor,Doncaster Rovers,Republic of Ireland,€1K,23,GK,63
K. Piedrahita,La Equidad,United States,€1K,27,GK,62
J. Murphy,Bury,Republic of Ireland,€1K,36,GK,62
L. Kelly,Livingston FC,Scotland,€1K,22,GK,62
Jung San,Incheon United FC,Korea Republic,€1K,29,GK,62
Lee Jin Hyung,Incheon United FC,Korea Republic,€1K,30,GK,62
João Lopes,Santa Clara,Brazil,€1K,22,GK,62
S. Cleveland,Chicago Fire,United States,€1K,24,GK,62
G. Zabret,Swansea City,Slovenia,€3K,22,GK,62
L. Zidane,Real Madrid,France,€9K,20,GK,62
W. Pawłowski,Górnik Zabrze,Poland,€1K,25,GK,62
I. Lučić,FK Austria Wien,Austria,€2K,23,GK,62
G. Alcalá,Querétaro,Mexico,€1K,25,GK,62
E. Sanhueza,Audax Italiano,Chile,€1K,22,GK,62
Du Jia,Tianjin TEDA FC,China PR,€2K,25,GK,62
A. Dadakdeniz,Bursaspor,Turkey,€1K,18,GK,62
R. Sattelmaier,SV Darmstadt 98,Germany,€3K,30,GK,62
F. Stritzel,SV Darmstadt 98,Germany,€2K,24,GK,62
S. Slocombe,Lincoln City,England,€2K,30,GK,62
A. Ramsdale,Bournemouth,England,€4K,20,GK,62
E. Dahlin,IFK Göteborg,Sweden,€1K,29,GK,62
G. Jansson,IFK Norrköping,Sweden,€1K,32,GK,62
L. Reddy,Perth Glory,Australia,€1K,36,GK,62
B. Garratt,Crewe Alexandra,England,€2K,24,GK,62
L. Price,Rotherham United,Wales,€4K,33,GK,62
M. Brouwer,Heracles Almelo,Netherlands,€1K,25,GK,62
T. Doornbusch,SC Heerenveen,Netherlands,€1K,18,GK,62
J. Shea,Luton Town,England,€2K,27,GK,62
J. Papaleo,Unión de Santa Fe,Argentina,€2K,24,GK,62
Ricardo Friedrich,FK Bodø/Glimt,Brazil,€1K,25,GK,62
M. Marić,Lillestrøm SK,Croatia,€3K,22,GK,62
F. Escales,Olympique de Marseille,France,€4K,22,GK,62
Y. Ma-Kalambay,Wycombe Wanderers,DR Congo,€1K,32,GK,62
M. Siabanis,PAOK,Greece,€1K,18,GK,62
M. Festa,Crotone,Italy,€1K,26,GK,62
K. Shimura,Júbilo Iwata,Japan,€1K,22,GK,62
B. Clarke,St. Patrick's Athletic,Republic of Ireland,€1K,32,GK,62
Aarón,Granada CF,Spain,€1K,22,GK,62
L. Walthert,Neuchâtel Xamax,Switzerland,€1K,34,GK,62
Sui Weijie,Chongqing Dangdai Lifan FC SWM Team,China PR,€1K,35,GK,62
A. Vaikla,Kristiansund BK,Estonia,€1K,21,GK,62
L. Watkowiak,SV Wehen Wiesbaden,Germany,€1K,22,GK,62
K. Seki,Vegalta Sendai,Japan,€1K,32,GK,62
A. Mehring,Godoy Cruz,Argentina,€2K,24,GK,62
R. Koczor,FC Carl Zeiss Jena,Germany,€1K,29,GK,62
D. Kudła,Zagłębie Sosnowiec,Poland,€1K,26,GK,62
I. Gelios,FC Hansa Rostock,Greece,€1K,26,GK,62
Hou Sen,Beijing Sinobo Guoan FC,China PR,€3K,29,GK,62
G. Woods,Hamilton Academical FC,England,€1K,28,GK,62
R. ten Hove,Feyenoord,Netherlands,€1K,20,GK,62
M. Hauptmeijer,PEC Zwolle,Netherlands,€1K,21,GK,62
D. Schmidt,Vegalta Sendai,Japan,€1K,26,GK,62
S. Nelson,Yeovil Town,England,€1K,36,GK,62
M. Nicolas,Borussia Mönchengladbach,Germany,€2K,20,GK,62
Emilio Bernad,Valencia CF,Spain,€1K,18,GK,62
D. Sappa,Estudiantes de La Plata,Argentina,€2K,23,GK,62
Quique Cebriá,SD Eibar,Spain,€2K,23,GK,62
M. Kuleli,Çaykur Rizespor,Turkey,€1K,20,GK,62
A. Horwath,Real Salt Lake,United States,€1K,31,GK,62
D. Bachmann,Kilmarnock,Austria,€5K,23,GK,62
L. Sapela,Miedź Legnica,Poland,€1K,35,GK,62
N. Espinoza,San Luis de Quillota,Chile,€1K,22,GK,62
S. Cibois,Paris Saint-Germain,France,€5K,20,GK,62
D. Sugimoto,Yokohama F. Marinos,Japan,€1K,24,GK,62
M. Hiller,TSV 1860 München,Germany,€1K,21,GK,62
R. Pillot,La Berrichonne de Châteauroux,France,€1K,27,GK,62
A. Collin,Carlisle United,England,€2K,33,GK,62
T. King,AFC Wimbledon,England,€2K,23,GK,62
Josep Martínez,UD Las Palmas,Spain,€1K,20,GK,62
S. van der Lei,Dalkurd FF,Netherlands,€1K,25,GK,62
Y. van Osch,PSV,Netherlands,€1K,21,GK,62
K. Roos,Derby County,Netherlands,€5K,26,GK,62
A. Falch,Sarpsborg 08 FF,Norway,€1K,26,GK,62
H. Shaian,Al Taawoun,Saudi Arabia,€3K,29,GK,62
R. Charles-Cook,SønderjyskE,England,€2K,24,GK,62
S. Antonio,FC Basel 1893,Switzerland,€3K,23,GK,62
N. Townsend,Newport County,England,€1K,23,GK,62
V. Belon,Racing Club de Lens,France,€1K,23,GK,62
J. Coppens,FC Carl Zeiss Jena,Belgium,€1K,27,GK,62
L. Maniero,Cittadella,Italy,€1K,23,GK,62
D. Facchin,Venezia FC,Italy,€1K,31,GK,62
J. Bonham,Bristol Rovers,Republic of Ireland,€4K,24,GK,61
Miquel Parera,RCD Mallorca,Spain,€1K,22,GK,61
R. Wulle,SV Sandhausen,Germany,€1K,24,GK,61
T. Smith,Southend United,England,€1K,22,GK,61
D. Gyollai,Stoke City,Hungary,€3K,21,GK,61
M. Gillespie,Motherwell,England,€1K,26,GK,61
A. Tozzo,Hellas Verona,Italy,€4K,25,GK,61
G. Guerrieri,Lazio,Italy,€4K,22,GK,61
B. Pindroch,Notts County,Slovakia,€3K,26,GK,61
M. Ortega,Tigres U.A.N.L.,Mexico,€5K,23,GK,61
E. Fernández,Tigres U.A.N.L.,Mexico,€6K,25,GK,61
M. O'Leary,Bristol City,England,€3K,21,GK,61
Y. Gutiérrez,Club Necaxa,Mexico,€1K,37,GK,61
Leandro,RCD Mallorca,Spain,€1K,29,GK,61
J. Klinsmann,Hertha BSC,United States,€2K,21,GK,61
F. Dornebusch,VfL Bochum 1848,Germany,€2K,23,GK,61
Iñaki Peña,FC Barcelona,Spain,€4K,19,GK,61
B. Gaye,DSC Arminia Bielefeld,Gambia,€1K,20,GK,61
Y. Diouf,ESTAC Troyes,France,€1K,18,GK,61
M. Reule,SG Sonnenhof Großaspach,Germany,€1K,24,GK,61
M. Olsen Pettersen,SK Brann,Norway,€1K,18,GK,61
Park Dae Han,Jeonnam Dragons,Korea Republic,€1K,22,GK,61
A. Whiteman,Tottenham Hotspur,England,€3K,19,GK,61
Álex Dos Santos,Atlético Madrid,Brazil,€2K,19,GK,61
D. Oberhauser,GFC Ajaccio,France,€1K,27,GK,61
B. Janošević,AIK,Serbia,€1K,28,GK,61
R. Watson,Scunthorpe United,England,€1K,22,GK,61
I. Meslier,FC Lorient,France,€1K,18,GK,61
G. Vicario,Venezia FC,Italy,€1K,21,GK,61
S. Davies,Tranmere Rovers,England,€2K,31,GK,61
A. Oxborough,Norwich City,England,€2K,20,GK,61
A. Muric,Manchester City,Montenegro,€3K,19,GK,61
M. Havekotte,ADO Den Haag,Netherlands,€1K,22,GK,61
M. Borquez,CD Palestino,Chile,€1K,19,GK,61
F. Cambeses,Club Atlético Banfield,Argentina,€1K,21,GK,61
M. Igonen,Lillestrøm SK,Estonia,€1K,21,GK,61
Robert Sanchez,Forest Green Rovers,Spain,€4K,20,GK,61
Yi Fan,Changchun Yatai FC,China PR,€2K,26,GK,61
Lee Bum Soo,Gyeongnam FC,Korea Republic,€1K,27,GK,61
A. Swolfs,Waasland-Beveren,Belgium,€2K,20,GK,61
V. Myhra,Odds BK,Norway,€1K,21,GK,61
S. Brodersen,FC St. Pauli,Germany,€2K,21,GK,61
R. Laidlaw,Hibernian,Scotland,€1K,25,GK,61
M. Funk,SpVgg Greuther Fürth,Germany,€1K,22,GK,61
T. Masuda,V-Varen Nagasaki,Japan,€2K,29,GK,61
D. Rogers,St. Mirren,Republic of Ireland,€1K,24,GK,61
C. O'Malley,Peterborough United,Republic of Ireland,€1K,23,GK,61
N. Baxter,Yeovil Town,England,€1K,19,GK,61
L. Sotomayor,Deportes Iquique,Chile,€1K,21,GK,61
T. Vaiho,Djurgårdens IF,Sweden,€1K,29,GK,61
M. Uusitalo,HJK Helsinki,Finland,€1K,21,GK,61
B. Allain,Dijon FCO,France,€2K,26,GK,61
W. Mosquera,Jaguares de Córdoba,Colombia,€1K,33,GK,61
S. Mohlin,Malmö FF,Sweden,€1K,22,GK,61
W. Hesl,1. FC Kaiserslautern,Germany,€1K,32,GK,61
F. Al Shammari,Al Fayha,Saudi Arabia,€2K,37,GK,61
F. Otárola,Club Deportes Temuco,Argentina,€1K,32,GK,61
B. Collins,Burton Albion,England,€1K,21,GK,61
B. Meredith,Seattle Sounders FC,United States,€1K,28,GK,61
D. Al Saeed,Al Hazem,Saudi Arabia,€2K,27,GK,61
J. Ramírez,Atlético Nacional,Colombia,€1K,21,GK,61
P. Heigre,Strømsgodset IF,Norway,€1K,23,GK,61
J. Estrada,Club Atlas,Mexico,€2K,20,GK,61
S. Ando,Kawasaki Frontale,Japan,€1K,27,GK,61
A. Zendejas,Sporting Kansas City,United States,€1K,22,GK,61
L. Jonsson,IK Sirius,Sweden,€1K,25,GK,61
Y. Clementia,OGC Nice,France,€2K,20,GK,61
R. Taylor,Macclesfield Town,Wales,€2K,28,GK,61
D. Orlishausen,FC Hansa Rostock,Germany,€1K,35,GK,61
D. Barnes,Colchester United,England,€2K,22,GK,61
Gorka Giralt,Real Oviedo,Spain,€1K,22,GK,61
T. Vollnhofer,SKN St. Pölten,Austria,€2K,33,GK,61
F. Plach,Piast Gliwice,Slovakia,€1K,26,GK,61
Campos,CD Numancia,Spain,€1K,23,GK,61
W. Cuesta,Deportes Tolima,Colombia,€1K,25,GK,61
P. Camara,Grenoble Foot 38,Senegal,€1K,25,GK,61
Cordero,Gimnàstic de Tarragona,Spain,€1K,23,GK,61
A. Al Saleh,Ettifaq FC,Saudi Arabia,€4K,28,GK,61
T. Casali,SV Mattersburg,Austria,€2K,22,GK,61
C. Dilo,Paris FC,France,€1K,24,GK,61
Kim Gyeong Min,Jeju United FC,Korea Republic,€1K,26,GK,61
G. Hatano,FC Tokyo,Japan,€1K,20,GK,61
Liu Zhenli,Shandong Luneng TaiShan FC,China PR,€2K,33,GK,61
E. Edwards Jr.,Orlando City SC,United States,€1K,26,GK,61
A. Al Jadani,Al Wehda,Saudi Arabia,€3K,27,GK,61
M. Engelhardt,Eintracht Braunschweig,Germany,€1K,25,GK,61
J. Mendive,Club Atlético Huracán,Argentina,€1K,21,GK,60
P. McLain,Chicago Fire,United States,€1K,29,GK,60
B. Şen,Galatasaray SK,Turkey,€2K,19,GK,60
H. Fukushima,Urawa Red Diamonds,Japan,€1K,25,GK,60
N. Iwadate,Urawa Red Diamonds,Japan,€2K,29,GK,60
Zhang Sipeng,Guizhou Hengfeng FC,China PR,€2K,31,GK,60
G. Bakırbaş,Göztepe SK,Turkey,€2K,22,GK,60
B. Makendzhiev,,Bulgaria,€0,29,GK,60
J. Quezada,Unión Española,Chile,€1K,27,GK,60
L. Bätge,FC Würzburger Kickers,Germany,€1K,20,GK,60
M. Crowe,Preston North End,Wales,€1K,22,GK,60
D. Evtimov,Burton Albion,Bulgaria,€1K,24,GK,60
M. Cerofolini,Cosenza,Italy,€2K,19,GK,60
B. Bvuma,Kaizer Chiefs,South Africa,€1K,23,GK,60
L. Chiappero,Defensa y Justicia,Argentina,€1K,24,GK,60
R. Mysak,Aarhus GF,Ukraine,€2K,26,GK,60
S. Laiton,AJ Auxerre,France,€1K,18,GK,60
P. Perina,Cosenza,Italy,€1K,26,GK,60
F. Buntić,FC Ingolstadt 04,Croatia,€2K,21,GK,60
F. Costa,Patronato,Argentina,€2K,29,GK,60
A. Poggenborg,SC Fortuna Köln,Germany,€1K,34,GK,60
F. Faist,TSV Hartberg,Austria,€1K,29,GK,60
S. Perilli,Perugia,Italy,€1K,23,GK,60
M. Cassara,GFC Ajaccio,France,€1K,26,GK,60
Chechu Grana,CF Reus Deportiu,Spain,€1K,23,GK,60
S. Arnold,Shrewsbury,England,€1K,28,GK,60
L. Plogmann,SV Werder Bremen,Germany,€1K,18,GK,60
J. Sievers,1. FC Kaiserslautern,Germany,€1K,23,GK,60
A. Al Arraf,Al Taawoun,Saudi Arabia,€2K,23,GK,60
R. Gilmartin,Colchester United,Republic of Ireland,€2K,31,GK,60
D. Margush,Adelaide United,Australia,€1K,20,GK,60
R. Husić,VfR Aalen,Germany,€1K,22,GK,60
R. Jendrusch,FC Erzgebirge Aue,Germany,€1K,22,GK,60
F. Andersson,Malmö FF,Sweden,€1K,29,GK,60
M. Behrens,Hamburger SV,Germany,€1K,21,GK,60
L. Budziłek,Pogoń Szczecin,Poland,€1K,27,GK,60
M. Bleve,Lecce,Italy,€1K,22,GK,60
A. Bodart,Standard de Liège,Belgium,€1K,20,GK,60
R. Sallinger,TSV Hartberg,Austria,€1K,22,GK,60
K. Tanno,Cerezo Osaka,Japan,€1K,32,GK,60
P. Farman,Stevenage,England,€2K,28,GK,60
L. Malagón,Monarcas Morelia,Mexico,€1K,21,GK,60
N. Temperini,Newell's Old Boys,Argentina,€2K,23,GK,60
Daniel Rebollo,Real Betis,Spain,€1K,18,GK,60
M. Gurski,SpVgg Unterhaching,Germany,€1K,39,GK,60
H. Nakabayashi,Sanfrecce Hiroshima,Japan,€1K,32,GK,60
J. Wallens,Deportivo Cali,Colombia,€1K,25,GK,60
V. Cabezas,Deportivo Pasto,Colombia,€1K,20,GK,60
V. Xenopoulos,Panathinaikos FC,Greece,€1K,20,GK,60
Lombo,CD Leganés,Spain,€1K,19,GK,60
J. Fryer,Carlisle United,England,€4K,22,GK,60
Ximo Miralles,AD Alcorcón,Spain,€1K,22,GK,60
P. Bastianello,Brescia,Italy,€1K,20,GK,60
Yang Jun,Tianjin Quanjian FC,China PR,€2K,37,GK,60
A. Al Ruhaili,Al Raed,Saudi Arabia,€2K,23,GK,60
Sergio Tienza,Real Betis,Spain,€2K,21,GK,60
L. O'Brien,Coventry City,England,€1K,26,GK,60
M. Paes,FC Utrecht,Netherlands,€1K,20,GK,60
B. Wilson,Bradford City,England,€1K,25,GK,60
R. Hironaga,Sanfrecce Hiroshima,Japan,€2K,28,GK,60
K. Rauhut,FC Energie Cottbus,Germany,€1K,28,GK,60
H. Hankić,FC Wacker Innsbruck,Austria,€1K,24,GK,60
Sergio García,Real Zaragoza,Spain,€1K,20,GK,60
T. Velaphi,Perth Glory,Australia,€1K,31,GK,60
J. Marcinkowski,San Jose Earthquakes,United States,€1K,21,GK,60
Otaño,CD Tenerife,Spain,€1K,22,GK,60
N. Petric,IF Brommapojkarna,Serbia,€1K,27,GK,60
Salcedo,CF Rayo Majadahonda,Spain,€1K,27,GK,60
L. Yamaguchi,Extremadura UD,Japan,€1K,20,GK,60
A. Peláez,Cruz Azul,Mexico,€2K,24,GK,60
M. Vargas,Universidad Católica,Chile,€1K,22,GK,60
F. Çakır,Medipol Başakşehir FK,Turkey,€2K,23,GK,60
Yang Qipeng,Tianjin TEDA FC,China PR,€2K,31,GK,60
Guo Quanbo,Beijing Sinobo Guoan FC,China PR,€1K,20,GK,60
M. Peano,Unión de Santa Fe,Argentina,€1K,19,GK,60
B. Moore,Rochdale,United States,€1K,26,GK,60
C. Frommann,SC Freiburg,Germany,€2K,20,GK,60
C. Sánchez,Real Sporting de Gijón,Cuba,€1K,18,GK,60
B. Al Baqi,Al Ahli,Saudi Arabia,€4K,28,GK,60
Leja,Granada CF,Spain,€1K,23,GK,60
M. Seidel,1. FC Magdeburg,Germany,€1K,23,GK,60
R. Fulton,Hamilton Academical FC,Scotland,€1K,22,GK,60
A. Krysiak,FK Bodø/Glimt,Poland,€1K,28,GK,60
A. Putna,Real Salt Lake,United States,€1K,23,GK,60
F. Rossi,Atalanta,Italy,€3K,27,GK,60
A. Favaro,Padova,Italy,€1K,22,GK,60
J. Karlstrøm,Tromsø IL,Norway,€1K,21,GK,60
Matis Carvalho,Toulouse Football Club,Portugal,€1K,19,GK,60
David Gil,Cádiz CF,Spain,€1K,24,GK,60
P. Kühn,VfL Osnabrück,Germany,€1K,25,GK,60
U. Saracco,Cosenza,Italy,€1K,24,GK,60
T. Königsmann,SpVgg Greuther Fürth,Germany,€1K,21,GK,60
Adrián,Elche CF,Spain,€1K,22,GK,60
T. De Bie,KV Oostende,Belgium,€1K,21,GK,59
J. Maxted,Accrington Stanley,England,€1K,24,GK,59
Kang Bong Gyun,Suwon Samsung Bluewings,Korea Republic,€1K,24,GK,59
C. Topaloglu,Çaykur Rizespor,Turkey,€2K,26,GK,59
Y. Takaoka,Sagan Tosu,Japan,€1K,22,GK,59
K. O'Hara,Macclesfield Town,Republic of Ireland,€8K,22,GK,59
L. Weinkauf,Hannover 96,Germany,€2K,21,GK,59
P. Menzel,VfL Wolfsburg,Germany,€1K,19,GK,59
J. Bekkema,SC Heerenveen,Netherlands,€1K,22,GK,59
T. Kucz,Bayer 04 Leverkusen,Poland,€2K,18,GK,59
João Virgínia,Everton,Portugal,€2K,18,GK,59
F. Dahmen,1. FSV Mainz 05,Germany,€2K,20,GK,59
F. Serraiocco,Carpi,Italy,€1K,24,GK,59
T. Wiesner,Fortuna Düsseldorf,Germany,€2K,21,GK,59
O. Sail,Wellington Phoenix,New Zealand,€1K,22,GK,59
S. Russell,Grimsby Town,England,€1K,35,GK,59
M. Acton,Melbourne Victory,Australia,€1K,26,GK,59
M. Hamrol,Korona Kielce,Germany,€1K,24,GK,59
J. Bruhns,SC Fortuna Köln,Germany,€1K,19,GK,59
J. Bolado,Godoy Cruz,Argentina,€1K,20,GK,59
J. Flatt,Scunthorpe United,England,€1K,23,GK,59
C. Arroyave,Itagüí Leones FC,Colombia,€1K,22,GK,59
V. Baume,Sporting de Charleroi,Belgium,€1K,21,GK,59
M. Johansson,Trelleborgs FF,Sweden,€1K,19,GK,59
Kwon Tae Ahn,Sangju Sangmu FC,Korea Republic,€1K,26,GK,59
Guille Lara,UD Almería,Spain,€1K,22,GK,59
M. Crocombe,,New Zealand,€0,24,GK,59
K. Tokushige,V-Varen Nagasaki,Japan,€1K,34,GK,59
N. Trott,West Ham United,England,€2K,19,GK,59
H. Sandvik,FK Haugesund,Norway,€1K,28,GK,59
M. Kuchta,Zagłębie Lubin,Poland,€1K,22,GK,59
D. Richards,Crewe Alexandra,Wales,€2K,24,GK,59
A. Romero,Pachuca,United States,€2K,20,GK,59
M. Hudson,Bury,England,€1K,19,GK,59
A. Racioppi,Olympique Lyonnais,Switzerland,€2K,19,GK,59
M. Kamenz,FSV Zwickau,Germany,€1K,19,GK,59
A. Busti,,Canada,€0,18,GK,59
T. Enomoto,Urawa Red Diamonds,Japan,€1K,35,GK,59
D. Horkaš,Dinamo Zagreb,Croatia,€1K,19,GK,59
D. Olsson,IF Elfsborg,Sweden,€1K,21,GK,59
T. Weiner,Holstein Kiel,Germany,€1K,19,GK,59
K. Grabara,Liverpool,Poland,€3K,19,GK,59
Z. de la Paz,Oldham Athletic,Curacao,€2K,23,GK,59
J. Wrąbel,Śląsk Wrocław,Poland,€1K,22,GK,59
Oleaga,Athletic Club de Bilbao,Spain,€2K,21,GK,59
S. Hornby,Port Vale,England,€2K,23,GK,59
W. Sietsma,Milton Keynes Dons,Netherlands,€2K,22,GK,59
L. Wedl,FC Wacker Innsbruck,Austria,€1K,22,GK,59
J. Rasheed,BK Häcken,Norway,€1K,26,GK,59
M. Šarkić,Aston Villa,Montenegro,€1K,20,GK,59
Moon Jeong In,Ulsan Hyundai FC,Korea Republic,€1K,20,GK,59
N. Baumann,FC Lugano,Switzerland,€1K,22,GK,59
C. Dunn,Walsall,England,€1K,30,GK,59
E. Louro,New York Red Bulls,United States,€1K,22,GK,59
M. Tyler,Peterborough United,England,€1K,41,GK,59
T. Hadler,Gillingham,England,€1K,21,GK,59
E. Salles,Grenoble Foot 38,France,€1K,24,GK,59
Samu Pérez,Real Valladolid CF,Spain,€1K,21,GK,59
S. Shearer,Oxford United,Scotland,€1K,37,GK,59
C. Estrada,Club América,Mexico,€4K,21,GK,59
D. Blazevic,Hammarby IF,Sweden,€1K,25,GK,59
Alberto González,Córdoba CF,Spain,€1K,21,GK,59
J. Gies,SV Meppen,Germany,€1K,23,GK,59
Ou Ya,Hebei China Fortune FC,China PR,€2K,32,GK,59
L. Zigi,FC Sochaux-Montbéliard,Ghana,€1K,21,GK,59
H. Konaté,Valenciennes FC,Ivory Coast,€1K,23,GK,59
C. Mitchell,St. Johnstone FC,Northern Ireland,€4K,22,GK,59
B. Murphy,St. Patrick's Athletic,Republic of Ireland,€1K,33,GK,59
Y. Urra,CD Huachipato,Chile,€1K,21,GK,58
M. Awaji,Al Shabab,Saudi Arabia,€3K,23,GK,58
M. Beeney,Sligo Rovers,England,€1K,22,GK,58
R. Fitzsimons,Notts County,England,€2K,24,GK,58
R. Benz,KFC Uerdingen 05,Germany,€1K,22,GK,58
Marcos Lavín,Córdoba CF,Spain,€1K,21,GK,58
Han Rongze,Shandong Luneng TaiShan FC,China PR,€2K,25,GK,58
M. Rudakov,HJK Helsinki,Russia,€1K,22,GK,58
C. Baldovino,Alianza Petrolera,Colombia,€1K,21,GK,58
K. Fegrouche,IK Sirius,Morocco,€1K,36,GK,58
G. Kyrnats,PFC CSKA Moscow,Russia,€1K,20,GK,58
E. Gründemann,FC Hansa Rostock,Germany,€1K,19,GK,58
S. Farelli,Pescara,Italy,€1K,35,GK,58
E. Pauchet,Chamois Niortais Football Club,France,€1K,21,GK,58
D. Petersson,Trelleborgs FF,Sweden,€1K,23,GK,58
A. Rosteghin,Cittadella,Italy,€1K,18,GK,58
A. Torres,Guadalajara,Mexico,€3K,22,GK,58
L. Schaffran,SpVgg Greuther Fürth,Germany,€1K,19,GK,58
Q. Roberts,Los Angeles FC,Canada,€1K,23,GK,58
J. Krahl,RB Leipzig,Germany,€1K,18,GK,58
P. van der Vlag,FC Emmen,Netherlands,€1K,40,GK,58
B. Verbong,VVV-Venlo,Netherlands,€1K,18,GK,58
Zhang Chong,Dalian YiFang FC,China PR,€1K,30,GK,58
R. Kim,Pohang Steelers,Russia,€1K,21,GK,58
T. Nijhuis,FC Utrecht,Netherlands,€1K,19,GK,58
Geng Xiaofeng,Hebei China Fortune FC,China PR,€2K,30,GK,58
L. Ketterer,Columbus Crew SC,United States,€1K,24,GK,58
Han Feng,Guangzhou R&F; FC,China PR,€2K,34,GK,58
B. Lekström,Hammarby IF,Sweden,€1K,37,GK,58
R. Emanuelsson,IF Brommapojkarna,Sweden,€1K,26,GK,58
F. Maddaloni,Chamois Niortais Football Club,France,€1K,23,GK,58
M. Salaba,SV Mattersburg,Austria,€1K,18,GK,58
A. Sebald,FC Hansa Rostock,Germany,€1K,21,GK,58
M. Heča,Sparta Praha,Czech Republic,€1K,27,GK,58
D. Cornell,Northampton Town,Wales,€2K,27,GK,58
C. Månsson,Kristiansund BK,Sweden,€1K,37,GK,58
M. Pattier,FC Lorient,France,€1K,22,GK,58
J. Rodríguez,Puebla FC,Mexico,€1K,25,GK,58
Pablo Cacharrón,CD Lugo,Spain,€1K,21,GK,58
G. Smith,Lincoln City,England,€2K,24,GK,58
M. Soldo,Wolfsberger AC,Austria,€1K,21,GK,58
I. Chicco,Club Atlético Colón,Argentina,€1K,22,GK,58
H. Takimoto,Kashiwa Reysol,Japan,€1K,21,GK,58
C. Higuera,Club Tijuana,Mexico,€1K,17,GK,58
M. Staniszewski,Arka Gdynia,Poland,€1K,21,GK,58
N. Quindt,VfL Sportfreunde Lotte,Germany,€1K,21,GK,58
Park Ji Min,Suwon Samsung Bluewings,Korea Republic,€1K,18,GK,58
K. Niemczycki,NAC Breda,Poland,€1K,18,GK,58
J. Hoekstra,FC Groningen,Netherlands,€1K,19,GK,58
J. Albrecht,SV Wehen Wiesbaden,Germany,€1K,20,GK,58
B. Williams,Bolton Wanderers,England,€1K,35,GK,58
E. Dick,Sporting Kansas City,United States,€1K,23,GK,58
F. Al Habib,Al Shabab,Saudi Arabia,€2K,20,GK,58
D. Nizic,Western Sydney Wanderers,Australia,€1K,23,GK,58
A. Al Ghamdi,Al Raed,Saudi Arabia,€2K,23,GK,58
D. Sváček,Viktoria Plzeň,Czech Republic,€1K,21,GK,58
G. Banaziak,Amiens SC,France,€1K,21,GK,58
P. Cherrie,Derry City,Scotland,€1K,34,GK,58
L. Saxton,GIF Sundsvall,England,€1K,28,GK,58
F. Due,Randers FC,Denmark,€1K,25,GK,58
M. Sætra,Strømsgodset IF,Norway,€1K,21,GK,58
L. Italiano,Newcastle Jets,Australia,€1K,27,GK,58
A. Singh,,India,€0,25,GK,58
A. Bacci,Ascoli,Italy,€1K,22,GK,58
J. McDonnell,AFC Wimbledon,England,€1K,24,GK,58
J. Jaime,San Martin de Tucumán,Argentina,€1K,20,GK,58
K. Kirihata,Kashiwa Reysol,Japan,€1K,31,GK,58
Y. Bangsow,Eintracht Braunschweig,Germany,€1K,20,GK,58
L. Ingolotti,Club Atlético Aldosivi,Argentina,€1K,18,GK,58
M. Gonzalez,CD Everton de Viña del Mar,Chile,€1K,20,GK,58
M. Cooper,Plymouth Argyle,England,€1K,18,GK,58
E. Bansen,SV Zulte-Waregem,Germany,€1K,20,GK,58
M. Woud,Willem II,New Zealand,€1K,19,GK,58
G. Pozos,Club León,Mexico,€3K,25,GK,58
R. Cagnon,Olympique de Marseille,France,€3K,21,GK,58
J. Pantemis,Montreal Impact,Canada,€1K,21,GK,58
F. Pizzicanella,Atlético Tucumán,Argentina,€1K,22,GK,58
L. Grill,1. FC Kaiserslautern,Germany,€1K,19,GK,58
S. Kjellevold,Stabæk Fotball,Norway,€1K,23,GK,58
K. Bucker,Heracles Almelo,Netherlands,€1K,22,GK,58
M. Sprang,FSV Zwickau,Germany,€1K,17,GK,58
R. Hirosue,FC Tokyo,Japan,€1K,19,GK,58
J. Jensen,Esbjerg fB,Denmark,€1K,32,GK,57
C. Libertiaux,Royal Excel Mouscron,Belgium,€1K,20,GK,57
M. Lansing,Aalborg BK,United States,€1K,24,GK,57
C. Brown,Seattle Sounders FC,United States,€1K,26,GK,57
A. Attiah,Al Wehda,Saudi Arabia,€2K,21,GK,57
Li Haitao,Jiangsu Suning FC,China PR,€2K,22,GK,57
N. Lemaître,Stade de Reims,France,€1K,21,GK,57
J. Meneses,América de Cali,Colombia,€1K,34,GK,57
L. Thomas,Forest Green Rovers,Wales,€1K,20,GK,57
M. Köbbing,1. FC Heidenheim 1846,Germany,€1K,21,GK,57
J. Eastwood,Sheffield United,England,€1K,21,GK,57
N. Bishop,Southend United,England,€1K,18,GK,57
J. Theissen,Fortuna Düsseldorf,Germany,€2K,20,GK,57
M. Johnstone,Sunderland,England,€1K,19,GK,57
A. Bayındır,MKE Ankaragücü,Turkey,€1K,20,GK,57
Y. Lenze,FC Schalke 04,Germany,€1K,17,GK,57
C. Mafoumbi,Blackpool,Congo,€1K,24,GK,57
A. Al Basisi,Ohod Club,Saudi Arabia,€1K,40,GK,57
E. Kastrati,Pescara,Albania,€1K,21,GK,57
V. Karakuş,Kayserispor,Turkey,€1K,20,GK,57
M. Asiri,Al Qadisiyah,Saudi Arabia,€2K,25,GK,57
Qiu Shengjiong,Shanghai Greenland Shenhua FC,China PR,€2K,32,GK,57
M. Al Haidari,Al Hilal,Saudi Arabia,€3K,22,GK,57
K. Stamatopoulos,AIK,Canada,€1K,38,GK,57
J. Vom Steeg,LA Galaxy,United States,€1K,21,GK,57
D. Lyness,St. Mirren,England,€1K,26,GK,57
M. Norman,Rochdale,England,€3K,21,GK,57
J. Truque,Once Caldas,Colombia,€1K,19,GK,57
S. Dieng,Stevenage,Switzerland,€1K,23,GK,57
Chen Anqi,Chongqing Dangdai Lifan FC SWM Team,China PR,€1K,25,GK,57
Morro,Rayo Vallecano,Spain,€1K,17,GK,57
Choi Young Eun,Daegu FC,Korea Republic,€1K,22,GK,57
T. Trueba,Puebla FC,Mexico,€1K,22,GK,57
M. Ranmark,Molde FK,Norway,€1K,22,GK,57
R. Schofield,Huddersfield Town,England,€1K,18,GK,57
N. Insfrán,Gimnasia y Esgrima La Plata,Argentina,€1K,23,GK,57
L. Ntumba,Dijon FCO,France,€1K,17,GK,57
G. Volpe,US Cremonese,Italy,€1K,22,GK,57
Wang Guoming,Henan Jianye FC,China PR,€2K,28,GK,57
C. Weale,Exeter City,England,€1K,36,GK,57
M. Al Rubaie,Al Batin,Saudi Arabia,€2K,20,GK,57
F. Sollacaro,AC Ajaccio,France,€1K,24,GK,57
M. Zach,Hallescher FC,Germany,€1K,18,GK,57
J. Bursztyn,Pogoń Szczecin,Poland,€1K,20,GK,57
G. Poluzzi,SPAL,Italy,€2K,30,GK,57
N. Araya,CD Antofagasta,Chile,€1K,19,GK,57
O. Ottesen,FC Midtjylland,Denmark,€1K,19,GK,57
J. De Smet,KV Kortrijk,Belgium,€1K,19,GK,57
O. Patiño,Rionegro Águilas,Colombia,€1K,21,GK,57
J. Rondeel,De Graafschap,Netherlands,€1K,23,GK,57
M. Al Haeti,Ettifaq FC,Saudi Arabia,€2K,22,GK,57
J. Montgomery,Forest Green Rovers,England,€1K,24,GK,57
R. Suzuki,Gamba Osaka,Japan,€1K,24,GK,57
C. Fogacci,GFC Ajaccio,France,€1K,21,GK,57
D. Lavercombe,Wigan Athletic,England,€3K,21,GK,57
A. Bass,Portsmouth,England,€1K,20,GK,57
Sun Le,Shanghai SIPG FC,China PR,€2K,28,GK,57
M. Halstead,Morecambe,England,€1K,27,GK,57
L. Brüggemeier,SC Paderborn 07,Germany,€1K,20,GK,57
P. Boevink,FC Groningen,Netherlands,€1K,20,GK,57
L. Bilboe,Rotherham United,England,€2K,20,GK,57
S. Pabón,Junior FC,Colombia,€1K,22,GK,57
M. Lenes,Ranheim Fotball,Norway,€1K,22,GK,57
I. Ünal,Alanyaspor,Turkey,€1K,20,GK,56
R. Hoffmann,FC Bayern München,Germany,€2K,19,GK,56
B. White,Brisbane Roar,Australia,€1K,26,GK,56
A. Pearce,Central Coast Mariners,Australia,€1K,21,GK,56
S. Brolin,AIK,Sweden,€1K,17,GK,56
M. Stajduhar,Orlando City SC,United States,€1K,20,GK,56
Lee Joon Hee,Gyeongnam FC,Korea Republic,€1K,24,GK,56
A. Abdulhameed,Al Hazem,Saudi Arabia,€1K,24,GK,56
K. Osako,Sanfrecce Hiroshima,Japan,€1K,18,GK,56
E. Moran,Bray Wanderers,Republic of Ireland,€1K,21,GK,56
Y. Mersin,Crawley Town,Turkey,€1K,23,GK,56
P. Patron,Clermont Foot 63,France,€1K,20,GK,56
R. Majecki,Legia Warszawa,Poland,€1K,18,GK,56
D. Tomii,Shonan Bellmare,Japan,€1K,28,GK,56
Y. Uekusa,Shimizu S-Pulse,Japan,€1K,35,GK,56
R. Ferguson,Motherwell,Scotland,€1K,20,GK,56
L. Ashby-Hammond,Fulham,England,€1K,17,GK,56
F. Schram,,Iceland,€0,23,GK,56
O. Christensen,Odense Boldklub,Denmark,€1K,19,GK,56
M. Miño,Rosario Central,Argentina,€1K,20,GK,56
S. Moore,Milton Keynes Dons,England,€1K,23,GK,56
Y. Takeda,Nagoya Grampus,Japan,€1K,31,GK,56
Kim Tae Ho,Daegu FC,Korea Republic,€1K,26,GK,56
A. Nurudeen,KAS Eupen,Ghana,€1K,19,GK,56
B. Leneis,FC Augsburg,Germany,€1K,19,GK,56
T. Hagelskjaer,Vejle Boldklub,Denmark,€1K,23,GK,56
O. Evans,Wigan Athletic,Wales,€3K,21,GK,56
M. Vantruba,SK Slavia Praha,Slovakia,€1K,20,GK,56
A. Ogalde,Universidad Católica,Chile,€1K,21,GK,56
M. Bersano,San Jose Earthquakes,United States,€1K,25,GK,56
C. Lyon,Los Angeles FC,United States,€1K,26,GK,56
J. Talbot,Bohemian FC,Republic of Ireland,€1K,21,GK,56
H. Campbell,Burton Albion,England,€1K,22,GK,56
L. Ureta,CD O'Higgins,Chile,€1K,19,GK,56
V. Viot,AS Béziers,France,€1K,24,GK,56
D. Mitov,Cambridge United,Bulgaria,€1K,21,GK,56
H. Al Watyan,Al Fateh,Saudi Arabia,€2K,21,GK,56
R. Koot,Fortuna Sittard,Netherlands,€1K,18,GK,56
J. Pourtau,Estudiantes de La Plata,Argentina,€1K,18,GK,56
M. Wolff,Club Atlético Tigre,Argentina,€1K,21,GK,56
K. Szymański,Lech Poznań,Poland,€1K,25,GK,56
B. Kennedy,Central Coast Mariners,Australia,€1K,31,GK,56
T. Rönning,IF Elfsborg,Sweden,€1K,19,GK,56
A. Jerez,Curicó Unido,Chile,€1K,19,GK,56
A. Grinwis,Orlando City SC,United States,€1K,26,GK,56
M. Layer,VfR Aalen,Germany,€1K,19,GK,56
C. Ariza,Jaguares de Córdoba,Colombia,€1K,22,GK,56
H. Isted,Luton Town,England,€1K,21,GK,56
R. Caicedo,Boyacá Chicó FC,Colombia,€1K,24,GK,56
T. Heward-Belle,Sydney FC,Australia,€1K,21,GK,56
M. Kos,FK Austria Wien,Austria,€1K,21,GK,56
A. Al Bahri,Ettifaq FC,Saudi Arabia,€2K,23,GK,56
P. Jensen,FC Nordsjælland,Denmark,€1K,20,GK,56
K. Mendoza,AC Horsens,Denmark,€1K,23,GK,56
Darío Ramos,Albacete BP,Spain,€1K,18,GK,56
T. Vermot,AS Saint-Étienne,France,€2K,21,GK,56
K. Dybowski,Piast Gliwice,Poland,€1K,21,GK,56
M. Bulka,Chelsea,Poland,€2K,18,GK,56
K. Ogi,Vissel Kobe,Japan,€1K,35,GK,56
Y. Zummack,VfL Sportfreunde Lotte,Germany,€1K,22,GK,56
L. Brand,Willem II,Netherlands,€1K,18,GK,56
S. Kawamata,Kashima Antlers,Japan,€1K,28,GK,56
Marc Vito,Girona FC,Spain,€2K,21,GK,56
M. Lis,Wisła Kraków,Poland,€1K,21,GK,56
M. Prinz,SC Preußen Münster,Germany,€1K,18,GK,55
C. López,Itagüí Leones FC,Colombia,€1K,23,GK,55
V. Kaith,,India,€0,21,GK,55
A. Kapp,Minnesota United FC,United States,€1K,23,GK,55
P. Pellegrino,Cosenza,Italy,€1K,20,GK,55
L. Wackerle,SKN St. Pölten,Austria,€1K,22,GK,55
B. Ozegovic,SCR Altach,Austria,€1K,18,GK,55
T. Shibuya,Nagoya Grampus,Japan,€1K,23,GK,55
L. Gray,Carlisle United,Wales,€1K,22,GK,55
K. McIntosh,Portland Timbers,United States,€1K,24,GK,55
R. Yañez,CD O'Higgins,Chile,€1K,23,GK,55
L. O'Reilly,Carlisle United,England,€1K,22,GK,55
Y. Nishibe,Shimizu S-Pulse,Japan,€1K,37,GK,55
Li Chen,Beijing Renhe FC,China PR,€1K,21,GK,55
R. Al Najjar,Al Ittihad,Saudi Arabia,€3K,23,GK,55
R. Mantel,Sporting Lokeren,Belgium,€1K,17,GK,55
J. Hamon,Exeter City,England,€1K,23,GK,55
B. Wade,Rochdale,England,€1K,17,GK,55
H. Hawsawi,Al Fayha,Saudi Arabia,€1K,21,GK,55
J. Montoya,Itagüí Leones FC,Colombia,€1K,19,GK,55
R. Piscitelli,Carpi,Italy,€1K,24,GK,55
M. Minder,Neuchâtel Xamax,Switzerland,€1K,25,GK,55
M. Goto,Shonan Bellmare,Japan,€1K,24,GK,55
T. Okuda,V-Varen Nagasaki,Japan,€1K,29,GK,55
C. Haas,SK Rapid Wien,Austria,€2K,25,GK,55
L. Ward,Northampton Town,England,€2K,21,GK,55
J. Dakir,Randers FC,Denmark,€1K,21,GK,55
J. Galić,SV Darmstadt 98,Germany,€1K,18,GK,55
G. Satalino,Sassuolo,Italy,€1K,19,GK,55
N. Gartside,Derry City,Northern Ireland,€1K,20,GK,55
Taliby,CD Numancia,Spain,€1K,21,GK,55
G. Kawanami,Vegalta Sendai,Japan,€1K,27,GK,55
K. Horgan,Shamrock Rovers,Republic of Ireland,€1K,21,GK,55
W. Huffer,Leeds United,England,€1K,19,GK,55
A. Fisher,Blackburn Rovers,England,€3K,20,GK,55
M. Borgogno,Vélez Sarsfield,Argentina,€1K,19,GK,55
Cristian Arco,Cádiz CF,Spain,€1K,23,GK,55
K. Zobeck,FC Dallas,United States,€1K,28,GK,55
D. Bielica,Górnik Zabrze,Poland,€1K,19,GK,55
M. Akjah,Al Wehda,Saudi Arabia,€2K,20,GK,55
R. Sandford,Millwall,England,€1K,19,GK,55
A. Al Shehry,Al Qadisiyah,Saudi Arabia,€2K,22,GK,55
Gianluca Zanette,Vejle Boldklub,Brazil,€1K,21,GK,55
J. Tibbetts,Peterborough United,England,€1K,19,GK,55
B. Maher,St. Patrick's Athletic,Republic of Ireland,€1K,17,GK,55
A. Quintana,Atlético Huila,Colombia,€1K,23,GK,55
B. Niezgoda,Jagiellonia Białystok,Poland,€1K,18,GK,55
S. Jurado,Tiburones Rojos de Veracruz,Mexico,€1K,20,GK,55
E. Selen,Yeni Malatyaspor,Turkey,€1K,23,GK,55
C. Moreno,CD Everton de Viña del Mar,Mexico,€1K,20,GK,55
K. Klaesson,Vålerenga Fotball,Norway,€1K,17,GK,55
A. Sevestre,US Orléans Loiret Football,France,€1K,19,GK,55
F. Kraft,VfL Bochum 1848,Germany,€1K,19,GK,55
M. Karlsson,Örebro SK,Sweden,€1K,22,GK,55
T. Amos,IFK Göteborg,Sweden,€1K,20,GK,55
Y. Oki,Kashima Antlers,Japan,€1K,18,GK,55
M. Matic,Grasshopper Club Zürich,Switzerland,€1K,22,GK,55
N. Baumann,FC Zürich,Switzerland,€1K,22,GK,54
D. Grimshaw,Manchester City,England,€6K,20,GK,54
N. James,Newcastle Jets,Australia,€1K,17,GK,54
R. Källman,HJK Helsinki,Finland,€1K,19,GK,54
S. Awaka,Hokkaido Consadole Sapporo,Japan,€1K,23,GK,54
J. Lártiga,San Luis de Quillota,Chile,€1K,20,GK,54
Shen Shuaishuai,Guangzhou R&F; FC,China PR,€1K,19,GK,54
J. Echave,Unión Española,Chile,€1K,17,GK,54
D. Marzino,BSC Young Boys,Switzerland,€1K,21,GK,54
B. Scott,1. FC Köln,United States,€1K,19,GK,54
J. Weaver,Birmingham City,England,€2K,21,GK,54
B. Crellin,Fleetwood Town,England,€1K,18,GK,54
M. Loaiza,Atlético Bucaramanga,Colombia,€1K,23,GK,54
Zhang Yan,Jiangsu Suning FC,China PR,€1K,21,GK,54
N. Mantl,SpVgg Unterhaching,Germany,€1K,18,GK,54
T. Ryan,Cork City,Republic of Ireland,€1K,21,GK,54
J. Lindgren,IFK Norrköping,Sweden,€1K,20,GK,54
S. George,Tranmere Rovers,England,€1K,20,GK,54
J. Storevik,Sandefjord Fotball,Norway,€1K,21,GK,54
F. Ibsen,FC København,Denmark,€1K,21,GK,54
R. McCrorie,Rangers FC,Scotland,€3K,20,GK,54
S. Moloney,Bury,England,€1K,18,GK,54
K. Krzepisz,Arka Gdynia,Poland,€1K,18,GK,54
G. Harada,Yokohama F. Marinos,Japan,€1K,20,GK,54
J. Beaulieu,Montreal Impact,Canada,€1K,24,GK,54
A. Fantini,Sagan Tosu,Japan,€1K,20,GK,54
A. Søndergaard,Wolverhampton Wanderers,Denmark,€2K,17,GK,54
G. Maley,Livingston FC,Scotland,€1K,35,GK,54
Y. Fofana,Le Havre AC,France,€1K,17,GK,54
A. Damlu,Yeni Malatyaspor,Turkey,€1K,18,GK,54
T. Holland,Limerick FC,Republic of Ireland,€1K,20,GK,54
R. Lovett,Cheltenham Town,England,€1K,21,GK,54
E. Fadda,Al Qadisiyah,Saudi Arabia,€1K,21,GK,54
D. Bochicchio,Sporting de Charleroi,Italy,€1K,20,GK,54
A. Al Shammari,Al Raed,Saudi Arabia,€2K,26,GK,54
S. Wilson,Mansfield Town,England,€1K,19,GK,54
S. Barone,Spezia,Italy,€1K,19,GK,54
C. Giuliani,SK Sturm Graz,Austria,€1K,19,GK,54
D. Maekawa,Vissel Kobe,Japan,€1K,23,GK,54
E. Ross,Colchester United,England,€1K,21,GK,54
K. Yoshimaru,Vissel Kobe,Japan,€1K,22,GK,54
T. Durso,Gimnasia y Esgrima La Plata,Argentina,€1K,19,GK,54
M. Molenda,Arka Gdynia,Poland,€1K,17,GK,54
B. Al Bahrani,Al Fateh,Saudi Arabia,€2K,23,GK,54
R. Gutiérrez,Monarcas Morelia,Mexico,€1K,22,GK,54
W. Popp,Kawasaki Frontale,Japan,€1K,23,GK,54
E. McGinty,Sligo Rovers,Republic of Ireland,€1K,18,GK,54
H. Strömgren,Kalmar FF,Sweden,€1K,21,GK,54
Li Lei,Guizhou Hengfeng FC,China PR,€2K,25,GK,54
N. van den Dam,De Graafschap,Netherlands,€1K,19,GK,54
Chen Wei,Shanghai SIPG FC,China PR,€1K,20,GK,53
J. Bartels,1. FC Köln,Germany,€1K,19,GK,53
R. Treacy,Dundalk,Republic of Ireland,€1K,19,GK,53
Liu Yu,Changchun Yatai FC,China PR,€1K,23,GK,53
R. Stewart,Livingston FC,Scotland,€1K,23,GK,53
Shi Xiaodong,Shanghai SIPG FC,China PR,€1K,21,GK,53
G. Vannucchi,US Salernitana 1919,Italy,€1K,22,GK,53
Wen Zhixiang,Henan Jianye FC,China PR,€1K,25,GK,53
Lee Yunoh,Vegalta Sendai,Korea Republic,€1K,19,GK,53
M. Hayashi,Gamba Osaka,Japan,€1K,21,GK,53
F. Nicastro,Neuchâtel Xamax,Italy,€1K,36,GK,53
J. Borquez,Deportes Iquique,Chile,€1K,18,GK,53
L. Moser,1. FC Union Berlin,Germany,€1K,18,GK,53
L. Coddington,Northampton Town,England,€1K,23,GK,53
J. McGuire,Philadelphia Union,United States,€1K,23,GK,53
M. O'Connor,Bray Wanderers,Republic of Ireland,€1K,22,GK,53
S. Gustafsson,Örebro SK,Sweden,€1K,18,GK,53
J. Brady,Limerick FC,Republic of Ireland,€1K,21,GK,53
K. Broda,Wisła Kraków,Poland,€1K,16,GK,53
L. Soldini,FC Lugano,Switzerland,€1K,17,GK,53
T. Warner,Accrington Stanley,Trinidad & Tobago,€1K,44,GK,53
L. Sedlak,FC Carl Zeiss Jena,Germany,€1K,18,GK,53
M. Urwin,Fleetwood Town,England,€1K,24,GK,53
S. Arango,Boyacá Chicó FC,Colombia,€1K,22,GK,53
M. Zapytowski,Wisła Płock,Poland,€1K,17,GK,53
E. Alarcón,Patronato,Argentina,€2K,25,GK,53
L. Rivas,Deportes Tolima,Colombia,€1K,19,GK,53
A. Long,FC Sochaux-Montbéliard,France,€1K,21,GK,53
M. Tomizawa,V-Varen Nagasaki,Japan,€1K,24,GK,53
Xu Jiamin,Beijing Renhe FC,China PR,€1K,24,GK,53
M. Schlosser,FC Erzgebirge Aue,Germany,€1K,19,GK,53
D. Szczerbal,Śląsk Wrocław,Poland,€1K,22,GK,53
N. Tzanev,AFC Wimbledon,New Zealand,€1K,21,GK,53
F. Majchrowicz,Cracovia,Poland,€1K,18,GK,53
J. Walton,Barnsley,England,€1K,20,GK,53
M. Schragl,Karlsruher SC,Austria,€1K,19,GK,53
M. Christiansen,Lillestrøm SK,Norway,€1K,17,GK,53
L. Pelletier,RC Strasbourg Alsace,France,€1K,18,GK,53
T. Herbots,Sint-Truidense VV,Belgium,€1K,17,GK,53
R. Miura,Júbilo Iwata,Japan,€1K,26,GK,53
H. Fossdal,FK Haugesund,Norway,€1K,19,GK,53
K. Al Mozaibri,Al Batin,Saudi Arabia,€1K,21,GK,53
L. Jacot,FC Luzern,Switzerland,€1K,18,GK,53
Wang Min,Chongqing Dangdai Lifan FC SWM Team,China PR,€1K,23,GK,53
B. Manosalva,CD Huachipato,Chile,€1K,20,GK,53
N. Ziswiler,FC Thun,Switzerland,€1K,18,GK,52
G. Meli,Empoli,Italy,€1K,19,GK,52
J. Delianov,Melbourne City FC,Australia,€1K,18,GK,52
L. Simpson,Macclesfield Town,England,€1K,23,GK,52
A. Kappenberger,Hobro IK,Denmark,€1K,21,GK,52
M. Al Baqawi,Al Taawoun,Saudi Arabia,€1K,20,GK,52
N. Corbet,Waterford FC,Republic of Ireland,€1K,23,GK,52
Liu Shibo,Guangzhou Evergrande Taobao FC,China PR,€1K,21,GK,52
M. Boney,Blackpool,England,€1K,20,GK,52
F. Norman,Exeter City,England,€1K,18,GK,52
K. Sanada,Shonan Bellmare,Japan,€1K,19,GK,52
B. Gradecki,Wisła Płock,Poland,€1K,18,GK,52
N. Hatta,Júbilo Iwata,Japan,€1K,32,GK,52
A. Czaplak,Zagłębie Sosnowiec,Poland,€1K,21,GK,52
A. André Jr,Bristol Rovers,Morocco,€1K,21,GK,52
T. Nagaishi,Cerezo Osaka,Japan,€1K,22,GK,52
K. Thiesson Kristensen,Aarhus GF,Denmark,€1K,18,GK,52
S. Melvin,Vancouver Whitecaps FC,Canada,€1K,23,GK,52
S. Bohan,Bohemian FC,Republic of Ireland,€1K,17,GK,52
J. Brendieck,MSV Duisburg,Germany,€1K,19,GK,52
R. Al Najjar,Al Shabab,Saudi Arabia,€2K,21,GK,52
T. Romboli,Livorno,Italy,€1K,19,GK,52
B. Żynel,Wisła Płock,Poland,€1K,20,GK,52
W. Jääskeläinen,Crewe Alexandra,Finland,€1K,19,GK,52
G. Nyberg,IK Sirius,Sweden,€1K,20,GK,52
B. Grøtterud,FK Bodø/Glimt,Norway,€1K,19,GK,52
P. Sokół,Korona Kielce,Poland,€1K,18,GK,52
P. Durin,Portsmouth,Croatia,€1K,17,GK,52
E. Bojang,Hammarby IF,Sweden,€1K,17,GK,52
S. Phillips,Yeovil Town,England,€1K,40,GK,52
M. Yıldız,Kasimpaşa SK,Turkey,€1K,19,GK,52
O. Jonsson,Djurgårdens IF,Sweden,€1K,21,GK,52
H. Abdulmajeed,Ohod Club,Saudi Arabia,€1K,21,GK,52
A. Weidinger, SSV Jahn Regensburg,Germany,€1K,21,GK,52
J. Stevens,Oxford United,England,€1K,20,GK,52
M. Nelson,Houston Dynamo,United States,€1K,23,GK,52
L. Beckemeyer,VfL Osnabrück,Germany,€1K,18,GK,52
C. Hauervig,Brøndby IF,Denmark,€1K,19,GK,52
M. Köstenbauer,FC Admira Wacker Mödling,Austria,€1K,16,GK,52
H. Saruta,Kashiwa Reysol,Japan,€1K,19,GK,52
G. Tolino,FC St. Gallen,Switzerland,€1K,18,GK,52
T. Schneider,KFC Uerdingen 05,Germany,€1K,20,GK,51
C. Addai,Coventry City,Ghana,€1K,20,GK,51
I. Richards,Adelaide United,Australia,€1K,19,GK,51
J. Imbrechts,Sporting de Charleroi,Sweden,€1K,16,GK,51
J. Szpaderski,Miedź Legnica,Poland,€1K,19,GK,51
M. Woźniak,Lechia Gdańsk,Poland,€1K,17,GK,51
L. Finochietto,Argentinos Juniors,Argentina,€1K,21,GK,51
D. Craddock,Aberdeen,Republic of Ireland,€1K,20,GK,51
J. García,Audax Italiano,Chile,€1K,19,GK,51
S. Sarri,Foggia,Italy,€1K,17,GK,51
L. Hunn,Grasshopper Club Zürich,Switzerland,€1K,19,GK,51
J. Osobiński,Korona Kielce,Poland,€1K,18,GK,51
L. Catherall,Gillingham,England,€1K,18,GK,51
E. Harloff,SK Brann,Norway,€1K,19,GK,51
J. Caldwell,New York City FC,United States,€1K,22,GK,51
H. Ræstad,Molde FK,Norway,€1K,18,GK,51
D. Thiam,SPAL,Senegal,€1K,20,GK,51
D. Hodzic,Vejle Boldklub,Croatia,€1K,22,GK,51
Ding Bowei,Tianjin TEDA FC,China PR,€1K,21,GK,51
M. Sutton,Melbourne Victory,Australia,€1K,18,GK,50
T. Callens,Stade Malherbe Caen,France,€1K,19,GK,50
R. Pasquel,Deportivo Toluca,Mexico,€2K,22,GK,50
Chen Zhao,Shanghai Greenland Shenhua FC,China PR,€1K,21,GK,50
J. Kelly,Bray Wanderers,Republic of Ireland,€1K,17,GK,50
J. Cleary,Bohemian FC,Republic of Ireland,€1K,16,GK,50
V. Smedsrud,SønderjyskE,Denmark,€1K,18,GK,50
H. Bernat,Odense Boldklub,Denmark,€1K,17,GK,50
J. Hipper,TSV 1860 München,Germany,€1K,19,GK,50
M. Connor,Waterford FC,Republic of Ireland,€1K,21,GK,50
J. Granlund,Sandefjord Fotball,Norway,€1K,18,GK,50
E. Bilen,Göztepe SK,Turkey,€1K,17,GK,50
Sun Qibin,Tianjin Quanjian FC,China PR,€2K,26,GK,50
A. Mills,Östersunds FK,England,€1K,24,GK,50
J. García,Santos Laguna,Mexico,€1K,20,GK,50
M. Antkowiak,Lincoln City,Poland,€1K,18,GK,50
Zhang Jingyi,Jiangsu Suning FC,China PR,€1K,20,GK,50
S. Al Wehimid,Al Nassr,Saudi Arabia,€2K,20,GK,50
J. Miszczuk,Jagiellonia Białystok,Poland,€1K,27,GK,50
A. Suzuki,Yokohama F. Marinos,Japan,€1K,31,GK,50
M. Humpenöder,FC Würzburger Kickers,Germany,€1K,19,GK,50
K. Civelek,BB Erzurumspor,Turkey,€1K,20,GK,50
N. Suman,Western Sydney Wanderers,Australia,€1K,18,GK,50
F. Nørgaard,AC Horsens,Denmark,€1K,19,GK,50
E. Destanoglu,Beşiktaş JK,Turkey,€1K,17,GK,50
Teng Shangkun,Tianjin TEDA FC,China PR,€1K,27,GK,50
H. Wulff,Stabæk Fotball,Norway,€1K,18,GK,50
W. Henry,Swindon Town,England,€1K,19,GK,49
W. Appleyard,Stevenage,England,€1K,18,GK,49
D. Mackay,Kilmarnock,Scotland,€1K,21,GK,49
M. Harsman,SV Meppen,Germany,€1K,18,GK,49
N. Stephan,FC Würzburger Kickers,Germany,€1K,17,GK,49
A. Kelsey,Scunthorpe United,England,€1K,18,GK,49
J. Greatorex,Barnsley,England,€1K,18,GK,49
G. Figliuzzi,Crotone,Italy,€1K,17,GK,49
T. Lawal,LASK Linz,Austria,€1K,18,GK,48
D. Szczepaniak,Morecambe,Poland,€1K,18,GK,48
C. Hawkins,Burton Albion,England,€1K,18,GK,48
L. Wahlstedt,Dalkurd FF,Sweden,€1K,18,GK,48
M. Hurst,St. Johnstone FC,Scotland,€1K,22,GK,48
K. Pilkington,Cambridge United,England,€1K,44,GK,48
J. Milli,Lecce,Italy,€1K,18,GK,47
J. Livesey,Burton Albion,England,€1K,18,GK,47
